YEAR,INDICATOR_NAME,DATA_VALUE,DATA_SOURCE_NAME,DATA_SOURCE_DESCRIPTION,DATABASE_NAME,PRODUCT,PRODUCT_DESCRIPTION,INDICATOR_TYPE,CATEGORY,CONTACT,INTENDED_ESP,FREQUENCY,ESR,TIME_START,TIME_END,TRENDS,INFLUENTIAL_FACTORS,STOCK_IMPLICATIONS,REPORT_CARD_TITLE,REFERENCE,ESP,SUBMISSION_YEAR,GATE1_YEAR,GATE2_YEAR,SIGN,SCORE
1980,Summer_Pacific_Cod_Biomass_BBRKC_Survey,NA,RACE Bottom Trawl Survey,,AFSC RACEBASE,Summer_Pacific_Cod_Biomass_BBRKC_Survey,Estimates of Pacific cod biomass were derived from the EBS bottom trawl survey catch data.,Ecosystem,Upper Trophic,Erin Fedewa,Bristol Bay Red King Crab,Annually,NA,6/1/1980,8/31/2021,,,,Summer Pacific cod biomass in Bristol Bay from the AFSC eastern Bering Sea bottom trawl survey,,Bristol Bay Red King Crab,2020,2020,,-1,0
1981,Summer_Pacific_Cod_Biomass_BBRKC_Survey,NA,RACE Bottom Trawl Survey,,AFSC RACEBASE,Summer_Pacific_Cod_Biomass_BBRKC_Survey,Estimates of Pacific cod biomass were derived from the EBS bottom trawl survey catch data.,Ecosystem,Upper Trophic,Erin Fedewa,Bristol Bay Red King Crab,Annually,NA,6/1/1980,8/31/2021,,,,Summer Pacific cod biomass in Bristol Bay from the AFSC eastern Bering Sea bottom trawl survey,,Bristol Bay Red King Crab,2020,2020,,-1,0
1982,Summer_Pacific_Cod_Biomass_BBRKC_Survey,354,RACE Bottom Trawl Survey,,AFSC RACEBASE,Summer_Pacific_Cod_Biomass_BBRKC_Survey,Estimates of Pacific cod biomass were derived from the EBS bottom trawl survey catch data.,Ecosystem,Upper Trophic,Erin Fedewa,Bristol Bay Red King Crab,Annually,NA,6/1/1980,8/31/2021,,,,Summer Pacific cod biomass in Bristol Bay from the AFSC eastern Bering Sea bottom trawl survey,,Bristol Bay Red King Crab,2020,2020,,-1,-1
1983,Summer_Pacific_Cod_Biomass_BBRKC_Survey,443,RACE Bottom Trawl Survey,,AFSC RACEBASE,Summer_Pacific_Cod_Biomass_BBRKC_Survey,Estimates of Pacific cod biomass were derived from the EBS bottom trawl survey catch data.,Ecosystem,Upper Trophic,Erin Fedewa,Bristol Bay Red King Crab,Annually,NA,6/1/1980,8/31/2021,,,,Summer Pacific cod biomass in Bristol Bay from the AFSC eastern Bering Sea bottom trawl survey,,Bristol Bay Red King Crab,2020,2020,,-1,-1
1984,Summer_Pacific_Cod_Biomass_BBRKC_Survey,358,RACE Bottom Trawl Survey,,AFSC RACEBASE,Summer_Pacific_Cod_Biomass_BBRKC_Survey,Estimates of Pacific cod biomass were derived from the EBS bottom trawl survey catch data.,Ecosystem,Upper Trophic,Erin Fedewa,Bristol Bay Red King Crab,Annually,NA,6/1/1980,8/31/2021,,,,Summer Pacific cod biomass in Bristol Bay from the AFSC eastern Bering Sea bottom trawl survey,,Bristol Bay Red King Crab,2020,2020,,-1,-1
1985,Summer_Pacific_Cod_Biomass_BBRKC_Survey,322,RACE Bottom Trawl Survey,,AFSC RACEBASE,Summer_Pacific_Cod_Biomass_BBRKC_Survey,Estimates of Pacific cod biomass were derived from the EBS bottom trawl survey catch data.,Ecosystem,Upper Trophic,Erin Fedewa,Bristol Bay Red King Crab,Annually,NA,6/1/1980,8/31/2021,,,,Summer Pacific cod biomass in Bristol Bay from the AFSC eastern Bering Sea bottom trawl survey,,Bristol Bay Red King Crab,2020,2020,,-1,-1
1986,Summer_Pacific_Cod_Biomass_BBRKC_Survey,376,RACE Bottom Trawl Survey,,AFSC RACEBASE,Summer_Pacific_Cod_Biomass_BBRKC_Survey,Estimates of Pacific cod biomass were derived from the EBS bottom trawl survey catch data.,Ecosystem,Upper Trophic,Erin Fedewa,Bristol Bay Red King Crab,Annually,NA,6/1/1980,8/31/2021,,,,Summer Pacific cod biomass in Bristol Bay from the AFSC eastern Bering Sea bottom trawl survey,,Bristol Bay Red King Crab,2020,2020,,-1,-1
1987,Summer_Pacific_Cod_Biomass_BBRKC_Survey,392,RACE Bottom Trawl Survey,,AFSC RACEBASE,Summer_Pacific_Cod_Biomass_BBRKC_Survey,Estimates of Pacific cod biomass were derived from the EBS bottom trawl survey catch data.,Ecosystem,Upper Trophic,Erin Fedewa,Bristol Bay Red King Crab,Annually,NA,6/1/1980,8/31/2021,,,,Summer Pacific cod biomass in Bristol Bay from the AFSC eastern Bering Sea bottom trawl survey,,Bristol Bay Red King Crab,2020,2020,,-1,-1
1988,Summer_Pacific_Cod_Biomass_BBRKC_Survey,394,RACE Bottom Trawl Survey,,AFSC RACEBASE,Summer_Pacific_Cod_Biomass_BBRKC_Survey,Estimates of Pacific cod biomass were derived from the EBS bottom trawl survey catch data.,Ecosystem,Upper Trophic,Erin Fedewa,Bristol Bay Red King Crab,Annually,NA,6/1/1980,8/31/2021,,,,Summer Pacific cod biomass in Bristol Bay from the AFSC eastern Bering Sea bottom trawl survey,,Bristol Bay Red King Crab,2020,2020,,-1,-1
1989,Summer_Pacific_Cod_Biomass_BBRKC_Survey,277,RACE Bottom Trawl Survey,,AFSC RACEBASE,Summer_Pacific_Cod_Biomass_BBRKC_Survey,Estimates of Pacific cod biomass were derived from the EBS bottom trawl survey catch data.,Ecosystem,Upper Trophic,Erin Fedewa,Bristol Bay Red King Crab,Annually,NA,6/1/1980,8/31/2021,,,,Summer Pacific cod biomass in Bristol Bay from the AFSC eastern Bering Sea bottom trawl survey,,Bristol Bay Red King Crab,2020,2020,,-1,-1
1990,Summer_Pacific_Cod_Biomass_BBRKC_Survey,202,RACE Bottom Trawl Survey,,AFSC RACEBASE,Summer_Pacific_Cod_Biomass_BBRKC_Survey,Estimates of Pacific cod biomass were derived from the EBS bottom trawl survey catch data.,Ecosystem,Upper Trophic,Erin Fedewa,Bristol Bay Red King Crab,Annually,NA,6/1/1980,8/31/2021,,,,Summer Pacific cod biomass in Bristol Bay from the AFSC eastern Bering Sea bottom trawl survey,,Bristol Bay Red King Crab,2020,2020,,-1,-1
1991,Summer_Pacific_Cod_Biomass_BBRKC_Survey,226,RACE Bottom Trawl Survey,,AFSC RACEBASE,Summer_Pacific_Cod_Biomass_BBRKC_Survey,Estimates of Pacific cod biomass were derived from the EBS bottom trawl survey catch data.,Ecosystem,Upper Trophic,Erin Fedewa,Bristol Bay Red King Crab,Annually,NA,6/1/1980,8/31/2021,,,,Summer Pacific cod biomass in Bristol Bay from the AFSC eastern Bering Sea bottom trawl survey,,Bristol Bay Red King Crab,2020,2020,,-1,-1
1992,Summer_Pacific_Cod_Biomass_BBRKC_Survey,264,RACE Bottom Trawl Survey,,AFSC RACEBASE,Summer_Pacific_Cod_Biomass_BBRKC_Survey,Estimates of Pacific cod biomass were derived from the EBS bottom trawl survey catch data.,Ecosystem,Upper Trophic,Erin Fedewa,Bristol Bay Red King Crab,Annually,NA,6/1/1980,8/31/2021,,,,Summer Pacific cod biomass in Bristol Bay from the AFSC eastern Bering Sea bottom trawl survey,,Bristol Bay Red King Crab,2020,2020,,-1,-1
1993,Summer_Pacific_Cod_Biomass_BBRKC_Survey,350,RACE Bottom Trawl Survey,,AFSC RACEBASE,Summer_Pacific_Cod_Biomass_BBRKC_Survey,Estimates of Pacific cod biomass were derived from the EBS bottom trawl survey catch data.,Ecosystem,Upper Trophic,Erin Fedewa,Bristol Bay Red King Crab,Annually,NA,6/1/1980,8/31/2021,,,,Summer Pacific cod biomass in Bristol Bay from the AFSC eastern Bering Sea bottom trawl survey,,Bristol Bay Red King Crab,2020,2020,,-1,-1
1994,Summer_Pacific_Cod_Biomass_BBRKC_Survey,500,RACE Bottom Trawl Survey,,AFSC RACEBASE,Summer_Pacific_Cod_Biomass_BBRKC_Survey,Estimates of Pacific cod biomass were derived from the EBS bottom trawl survey catch data.,Ecosystem,Upper Trophic,Erin Fedewa,Bristol Bay Red King Crab,Annually,NA,6/1/1980,8/31/2021,,,,Summer Pacific cod biomass in Bristol Bay from the AFSC eastern Bering Sea bottom trawl survey,,Bristol Bay Red King Crab,2020,2020,,-1,-1
1995,Summer_Pacific_Cod_Biomass_BBRKC_Survey,455,RACE Bottom Trawl Survey,,AFSC RACEBASE,Summer_Pacific_Cod_Biomass_BBRKC_Survey,Estimates of Pacific cod biomass were derived from the EBS bottom trawl survey catch data.,Ecosystem,Upper Trophic,Erin Fedewa,Bristol Bay Red King Crab,Annually,NA,6/1/1980,8/31/2021,,,,Summer Pacific cod biomass in Bristol Bay from the AFSC eastern Bering Sea bottom trawl survey,,Bristol Bay Red King Crab,2020,2020,,-1,-1
1996,Summer_Pacific_Cod_Biomass_BBRKC_Survey,435,RACE Bottom Trawl Survey,,AFSC RACEBASE,Summer_Pacific_Cod_Biomass_BBRKC_Survey,Estimates of Pacific cod biomass were derived from the EBS bottom trawl survey catch data.,Ecosystem,Upper Trophic,Erin Fedewa,Bristol Bay Red King Crab,Annually,NA,6/1/1980,8/31/2021,,,,Summer Pacific cod biomass in Bristol Bay from the AFSC eastern Bering Sea bottom trawl survey,,Bristol Bay Red King Crab,2020,2020,,-1,-1
1997,Summer_Pacific_Cod_Biomass_BBRKC_Survey,208,RACE Bottom Trawl Survey,,AFSC RACEBASE,Summer_Pacific_Cod_Biomass_BBRKC_Survey,Estimates of Pacific cod biomass were derived from the EBS bottom trawl survey catch data.,Ecosystem,Upper Trophic,Erin Fedewa,Bristol Bay Red King Crab,Annually,NA,6/1/1980,8/31/2021,,,,Summer Pacific cod biomass in Bristol Bay from the AFSC eastern Bering Sea bottom trawl survey,,Bristol Bay Red King Crab,2020,2020,,-1,-1
1998,Summer_Pacific_Cod_Biomass_BBRKC_Survey,245,RACE Bottom Trawl Survey,,AFSC RACEBASE,Summer_Pacific_Cod_Biomass_BBRKC_Survey,Estimates of Pacific cod biomass were derived from the EBS bottom trawl survey catch data.,Ecosystem,Upper Trophic,Erin Fedewa,Bristol Bay Red King Crab,Annually,NA,6/1/1980,8/31/2021,,,,Summer Pacific cod biomass in Bristol Bay from the AFSC eastern Bering Sea bottom trawl survey,,Bristol Bay Red King Crab,2020,2020,,-1,-1
1999,Summer_Pacific_Cod_Biomass_BBRKC_Survey,222,RACE Bottom Trawl Survey,,AFSC RACEBASE,Summer_Pacific_Cod_Biomass_BBRKC_Survey,Estimates of Pacific cod biomass were derived from the EBS bottom trawl survey catch data.,Ecosystem,Upper Trophic,Erin Fedewa,Bristol Bay Red King Crab,Annually,NA,6/1/1980,8/31/2021,,,,Summer Pacific cod biomass in Bristol Bay from the AFSC eastern Bering Sea bottom trawl survey,,Bristol Bay Red King Crab,2020,2020,,-1,-1
2000,Summer_Pacific_Cod_Biomass_BBRKC_Survey,184,RACE Bottom Trawl Survey,,AFSC RACEBASE,Summer_Pacific_Cod_Biomass_BBRKC_Survey,Estimates of Pacific cod biomass were derived from the EBS bottom trawl survey catch data.,Ecosystem,Upper Trophic,Erin Fedewa,Bristol Bay Red King Crab,Annually,NA,6/1/1980,8/31/2021,,,,Summer Pacific cod biomass in Bristol Bay from the AFSC eastern Bering Sea bottom trawl survey,,Bristol Bay Red King Crab,2020,2020,,-1,-1
2001,Summer_Pacific_Cod_Biomass_BBRKC_Survey,299,RACE Bottom Trawl Survey,,AFSC RACEBASE,Summer_Pacific_Cod_Biomass_BBRKC_Survey,Estimates of Pacific cod biomass were derived from the EBS bottom trawl survey catch data.,Ecosystem,Upper Trophic,Erin Fedewa,Bristol Bay Red King Crab,Annually,NA,6/1/1980,8/31/2021,,,,Summer Pacific cod biomass in Bristol Bay from the AFSC eastern Bering Sea bottom trawl survey,,Bristol Bay Red King Crab,2020,2020,,-1,-1
2002,Summer_Pacific_Cod_Biomass_BBRKC_Survey,168,RACE Bottom Trawl Survey,,AFSC RACEBASE,Summer_Pacific_Cod_Biomass_BBRKC_Survey,Estimates of Pacific cod biomass were derived from the EBS bottom trawl survey catch data.,Ecosystem,Upper Trophic,Erin Fedewa,Bristol Bay Red King Crab,Annually,NA,6/1/1980,8/31/2021,,,,Summer Pacific cod biomass in Bristol Bay from the AFSC eastern Bering Sea bottom trawl survey,,Bristol Bay Red King Crab,2020,2020,,-1,-1
2003,Summer_Pacific_Cod_Biomass_BBRKC_Survey,210,RACE Bottom Trawl Survey,,AFSC RACEBASE,Summer_Pacific_Cod_Biomass_BBRKC_Survey,Estimates of Pacific cod biomass were derived from the EBS bottom trawl survey catch data.,Ecosystem,Upper Trophic,Erin Fedewa,Bristol Bay Red King Crab,Annually,NA,6/1/1980,8/31/2021,,,,Summer Pacific cod biomass in Bristol Bay from the AFSC eastern Bering Sea bottom trawl survey,,Bristol Bay Red King Crab,2020,2020,,-1,-1
2004,Summer_Pacific_Cod_Biomass_BBRKC_Survey,156,RACE Bottom Trawl Survey,,AFSC RACEBASE,Summer_Pacific_Cod_Biomass_BBRKC_Survey,Estimates of Pacific cod biomass were derived from the EBS bottom trawl survey catch data.,Ecosystem,Upper Trophic,Erin Fedewa,Bristol Bay Red King Crab,Annually,NA,6/1/1980,8/31/2021,,,,Summer Pacific cod biomass in Bristol Bay from the AFSC eastern Bering Sea bottom trawl survey,,Bristol Bay Red King Crab,2020,2020,,-1,-1
2005,Summer_Pacific_Cod_Biomass_BBRKC_Survey,135,RACE Bottom Trawl Survey,,AFSC RACEBASE,Summer_Pacific_Cod_Biomass_BBRKC_Survey,Estimates of Pacific cod biomass were derived from the EBS bottom trawl survey catch data.,Ecosystem,Upper Trophic,Erin Fedewa,Bristol Bay Red King Crab,Annually,NA,6/1/1980,8/31/2021,,,,Summer Pacific cod biomass in Bristol Bay from the AFSC eastern Bering Sea bottom trawl survey,,Bristol Bay Red King Crab,2020,2020,,-1,-1
2006,Summer_Pacific_Cod_Biomass_BBRKC_Survey,118,RACE Bottom Trawl Survey,,AFSC RACEBASE,Summer_Pacific_Cod_Biomass_BBRKC_Survey,Estimates of Pacific cod biomass were derived from the EBS bottom trawl survey catch data.,Ecosystem,Upper Trophic,Erin Fedewa,Bristol Bay Red King Crab,Annually,NA,6/1/1980,8/31/2021,,,,Summer Pacific cod biomass in Bristol Bay from the AFSC eastern Bering Sea bottom trawl survey,,Bristol Bay Red King Crab,2020,2020,,-1,-1
2007,Summer_Pacific_Cod_Biomass_BBRKC_Survey,110,RACE Bottom Trawl Survey,,AFSC RACEBASE,Summer_Pacific_Cod_Biomass_BBRKC_Survey,Estimates of Pacific cod biomass were derived from the EBS bottom trawl survey catch data.,Ecosystem,Upper Trophic,Erin Fedewa,Bristol Bay Red King Crab,Annually,NA,6/1/1980,8/31/2021,,,,Summer Pacific cod biomass in Bristol Bay from the AFSC eastern Bering Sea bottom trawl survey,,Bristol Bay Red King Crab,2020,2020,,-1,-1
2008,Summer_Pacific_Cod_Biomass_BBRKC_Survey,109,RACE Bottom Trawl Survey,,AFSC RACEBASE,Summer_Pacific_Cod_Biomass_BBRKC_Survey,Estimates of Pacific cod biomass were derived from the EBS bottom trawl survey catch data.,Ecosystem,Upper Trophic,Erin Fedewa,Bristol Bay Red King Crab,Annually,NA,6/1/1980,8/31/2021,,,,Summer Pacific cod biomass in Bristol Bay from the AFSC eastern Bering Sea bottom trawl survey,,Bristol Bay Red King Crab,2020,2020,,-1,-1
2009,Summer_Pacific_Cod_Biomass_BBRKC_Survey,158,RACE Bottom Trawl Survey,,AFSC RACEBASE,Summer_Pacific_Cod_Biomass_BBRKC_Survey,Estimates of Pacific cod biomass were derived from the EBS bottom trawl survey catch data.,Ecosystem,Upper Trophic,Erin Fedewa,Bristol Bay Red King Crab,Annually,NA,6/1/1980,8/31/2021,,,,Summer Pacific cod biomass in Bristol Bay from the AFSC eastern Bering Sea bottom trawl survey,,Bristol Bay Red King Crab,2020,2020,,-1,-1
2010,Summer_Pacific_Cod_Biomass_BBRKC_Survey,381,RACE Bottom Trawl Survey,,AFSC RACEBASE,Summer_Pacific_Cod_Biomass_BBRKC_Survey,Estimates of Pacific cod biomass were derived from the EBS bottom trawl survey catch data.,Ecosystem,Upper Trophic,Erin Fedewa,Bristol Bay Red King Crab,Annually,NA,6/1/1980,8/31/2021,,,,Summer Pacific cod biomass in Bristol Bay from the AFSC eastern Bering Sea bottom trawl survey,,Bristol Bay Red King Crab,2020,2020,,-1,-1
2011,Summer_Pacific_Cod_Biomass_BBRKC_Survey,371,RACE Bottom Trawl Survey,,AFSC RACEBASE,Summer_Pacific_Cod_Biomass_BBRKC_Survey,Estimates of Pacific cod biomass were derived from the EBS bottom trawl survey catch data.,Ecosystem,Upper Trophic,Erin Fedewa,Bristol Bay Red King Crab,Annually,NA,6/1/1980,8/31/2021,,,,Summer Pacific cod biomass in Bristol Bay from the AFSC eastern Bering Sea bottom trawl survey,,Bristol Bay Red King Crab,2020,2020,,-1,-1
2012,Summer_Pacific_Cod_Biomass_BBRKC_Survey,314,RACE Bottom Trawl Survey,,AFSC RACEBASE,Summer_Pacific_Cod_Biomass_BBRKC_Survey,Estimates of Pacific cod biomass were derived from the EBS bottom trawl survey catch data.,Ecosystem,Upper Trophic,Erin Fedewa,Bristol Bay Red King Crab,Annually,NA,6/1/1980,8/31/2021,,,,Summer Pacific cod biomass in Bristol Bay from the AFSC eastern Bering Sea bottom trawl survey,,Bristol Bay Red King Crab,2020,2020,,-1,-1
2013,Summer_Pacific_Cod_Biomass_BBRKC_Survey,328,RACE Bottom Trawl Survey,,AFSC RACEBASE,Summer_Pacific_Cod_Biomass_BBRKC_Survey,Estimates of Pacific cod biomass were derived from the EBS bottom trawl survey catch data.,Ecosystem,Upper Trophic,Erin Fedewa,Bristol Bay Red King Crab,Annually,NA,6/1/1980,8/31/2021,,,,Summer Pacific cod biomass in Bristol Bay from the AFSC eastern Bering Sea bottom trawl survey,,Bristol Bay Red King Crab,2020,2020,,-1,-1
2014,Summer_Pacific_Cod_Biomass_BBRKC_Survey,360,RACE Bottom Trawl Survey,,AFSC RACEBASE,Summer_Pacific_Cod_Biomass_BBRKC_Survey,Estimates of Pacific cod biomass were derived from the EBS bottom trawl survey catch data.,Ecosystem,Upper Trophic,Erin Fedewa,Bristol Bay Red King Crab,Annually,NA,6/1/1980,8/31/2021,,,,Summer Pacific cod biomass in Bristol Bay from the AFSC eastern Bering Sea bottom trawl survey,,Bristol Bay Red King Crab,2020,2020,,-1,-1
2015,Summer_Pacific_Cod_Biomass_BBRKC_Survey,386,RACE Bottom Trawl Survey,,AFSC RACEBASE,Summer_Pacific_Cod_Biomass_BBRKC_Survey,Estimates of Pacific cod biomass were derived from the EBS bottom trawl survey catch data.,Ecosystem,Upper Trophic,Erin Fedewa,Bristol Bay Red King Crab,Annually,NA,6/1/1980,8/31/2021,,,,Summer Pacific cod biomass in Bristol Bay from the AFSC eastern Bering Sea bottom trawl survey,,Bristol Bay Red King Crab,2020,2020,,-1,-1
2016,Summer_Pacific_Cod_Biomass_BBRKC_Survey,306,RACE Bottom Trawl Survey,,AFSC RACEBASE,Summer_Pacific_Cod_Biomass_BBRKC_Survey,Estimates of Pacific cod biomass were derived from the EBS bottom trawl survey catch data.,Ecosystem,Upper Trophic,Erin Fedewa,Bristol Bay Red King Crab,Annually,NA,6/1/1980,8/31/2021,,,,Summer Pacific cod biomass in Bristol Bay from the AFSC eastern Bering Sea bottom trawl survey,,Bristol Bay Red King Crab,2020,2020,,-1,-1
2017,Summer_Pacific_Cod_Biomass_BBRKC_Survey,202,RACE Bottom Trawl Survey,,AFSC RACEBASE,Summer_Pacific_Cod_Biomass_BBRKC_Survey,Estimates of Pacific cod biomass were derived from the EBS bottom trawl survey catch data.,Ecosystem,Upper Trophic,Erin Fedewa,Bristol Bay Red King Crab,Annually,NA,6/1/1980,8/31/2021,,,,Summer Pacific cod biomass in Bristol Bay from the AFSC eastern Bering Sea bottom trawl survey,,Bristol Bay Red King Crab,2020,2020,,-1,-1
2018,Summer_Pacific_Cod_Biomass_BBRKC_Survey,171,RACE Bottom Trawl Survey,,AFSC RACEBASE,Summer_Pacific_Cod_Biomass_BBRKC_Survey,Estimates of Pacific cod biomass were derived from the EBS bottom trawl survey catch data.,Ecosystem,Upper Trophic,Erin Fedewa,Bristol Bay Red King Crab,Annually,NA,6/1/1980,8/31/2021,,,,Summer Pacific cod biomass in Bristol Bay from the AFSC eastern Bering Sea bottom trawl survey,,Bristol Bay Red King Crab,2020,2020,,-1,-1
2019,Summer_Pacific_Cod_Biomass_BBRKC_Survey,167,RACE Bottom Trawl Survey,,AFSC RACEBASE,Summer_Pacific_Cod_Biomass_BBRKC_Survey,Estimates of Pacific cod biomass were derived from the EBS bottom trawl survey catch data.,Ecosystem,Upper Trophic,Erin Fedewa,Bristol Bay Red King Crab,Annually,NA,6/1/1980,8/31/2021,,,,Summer Pacific cod biomass in Bristol Bay from the AFSC eastern Bering Sea bottom trawl survey,,Bristol Bay Red King Crab,2020,2020,,-1,-1
2020,Summer_Pacific_Cod_Biomass_BBRKC_Survey,NA,RACE Bottom Trawl Survey,,AFSC RACEBASE,Summer_Pacific_Cod_Biomass_BBRKC_Survey,Estimates of Pacific cod biomass were derived from the EBS bottom trawl survey catch data.,Ecosystem,Upper Trophic,Erin Fedewa,Bristol Bay Red King Crab,Annually,NA,6/1/1980,8/31/2021,,,,Summer Pacific cod biomass in Bristol Bay from the AFSC eastern Bering Sea bottom trawl survey,,Bristol Bay Red King Crab,2020,2020,,-1,0
2021,Summer_Pacific_Cod_Biomass_BBRKC_Survey,NA,RACE Bottom Trawl Survey,,AFSC RACEBASE,Summer_Pacific_Cod_Biomass_BBRKC_Survey,Estimates of Pacific cod biomass were derived from the EBS bottom trawl survey catch data.,Ecosystem,Upper Trophic,Erin Fedewa,Bristol Bay Red King Crab,Annually,NA,6/1/1980,8/31/2021,,,,Summer Pacific cod biomass in Bristol Bay from the AFSC eastern Bering Sea bottom trawl survey,,Bristol Bay Red King Crab,2020,2020,,-1,0
1980,Summer_Benthic_Invertebrate_Biomass_BBRKC_Survey,NA,,,,,,Ecosystem,Upper Trophic,,,,,,,,,,,,,,,,1,0
1981,Summer_Benthic_Invertebrate_Biomass_BBRKC_Survey,NA,,,,,,Ecosystem,Upper Trophic,,,,,,,,,,,,,,,,1,0
1982,Summer_Benthic_Invertebrate_Biomass_BBRKC_Survey,790.4536179,,,,,,Ecosystem,Upper Trophic,,,,,,,,,,,,,,,,1,1
1983,Summer_Benthic_Invertebrate_Biomass_BBRKC_Survey,667.523828,,,,,,Ecosystem,Upper Trophic,,,,,,,,,,,,,,,,1,1
1984,Summer_Benthic_Invertebrate_Biomass_BBRKC_Survey,878.2264116,,,,,,Ecosystem,Upper Trophic,,,,,,,,,,,,,,,,1,1
1985,Summer_Benthic_Invertebrate_Biomass_BBRKC_Survey,563.36545,,,,,,Ecosystem,Upper Trophic,,,,,,,,,,,,,,,,1,1
1986,Summer_Benthic_Invertebrate_Biomass_BBRKC_Survey,632.8110593,,,,,,Ecosystem,Upper Trophic,,,,,,,,,,,,,,,,1,1
1987,Summer_Benthic_Invertebrate_Biomass_BBRKC_Survey,1184.28768,,,,,,Ecosystem,Upper Trophic,,,,,,,,,,,,,,,,1,1
1988,Summer_Benthic_Invertebrate_Biomass_BBRKC_Survey,1223.807528,,,,,,Ecosystem,Upper Trophic,,,,,,,,,,,,,,,,1,1
1989,Summer_Benthic_Invertebrate_Biomass_BBRKC_Survey,1065.710836,,,,,,Ecosystem,Upper Trophic,,,,,,,,,,,,,,,,1,1
1990,Summer_Benthic_Invertebrate_Biomass_BBRKC_Survey,1190.031754,,,,,,Ecosystem,Upper Trophic,,,,,,,,,,,,,,,,1,1
1991,Summer_Benthic_Invertebrate_Biomass_BBRKC_Survey,1235.32531,,,,,,Ecosystem,Upper Trophic,,,,,,,,,,,,,,,,1,1
1992,Summer_Benthic_Invertebrate_Biomass_BBRKC_Survey,1049.790539,,,,,,Ecosystem,Upper Trophic,,,,,,,,,,,,,,,,1,1
1993,Summer_Benthic_Invertebrate_Biomass_BBRKC_Survey,1276.416891,,,,,,Ecosystem,Upper Trophic,,,,,,,,,,,,,,,,1,1
1994,Summer_Benthic_Invertebrate_Biomass_BBRKC_Survey,1286.820613,,,,,,Ecosystem,Upper Trophic,,,,,,,,,,,,,,,,1,1
1995,Summer_Benthic_Invertebrate_Biomass_BBRKC_Survey,1165.840998,,,,,,Ecosystem,Upper Trophic,,,,,,,,,,,,,,,,1,1
1996,Summer_Benthic_Invertebrate_Biomass_BBRKC_Survey,1240.359435,,,,,,Ecosystem,Upper Trophic,,,,,,,,,,,,,,,,1,1
1997,Summer_Benthic_Invertebrate_Biomass_BBRKC_Survey,1906.107876,,,,,,Ecosystem,Upper Trophic,,,,,,,,,,,,,,,,1,1
1998,Summer_Benthic_Invertebrate_Biomass_BBRKC_Survey,1252.744997,,,,,,Ecosystem,Upper Trophic,,,,,,,,,,,,,,,,1,1
1999,Summer_Benthic_Invertebrate_Biomass_BBRKC_Survey,1136.252574,,,,,,Ecosystem,Upper Trophic,,,,,,,,,,,,,,,,1,1
2000,Summer_Benthic_Invertebrate_Biomass_BBRKC_Survey,1386.180637,,,,,,Ecosystem,Upper Trophic,,,,,,,,,,,,,,,,1,1
2001,Summer_Benthic_Invertebrate_Biomass_BBRKC_Survey,1371.380355,,,,,,Ecosystem,Upper Trophic,,,,,,,,,,,,,,,,1,1
2002,Summer_Benthic_Invertebrate_Biomass_BBRKC_Survey,1554.064258,,,,,,Ecosystem,Upper Trophic,,,,,,,,,,,,,,,,1,1
2003,Summer_Benthic_Invertebrate_Biomass_BBRKC_Survey,1259.21713,,,,,,Ecosystem,Upper Trophic,,,,,,,,,,,,,,,,1,1
2004,Summer_Benthic_Invertebrate_Biomass_BBRKC_Survey,1553.327611,,,,,,Ecosystem,Upper Trophic,,,,,,,,,,,,,,,,1,1
2005,Summer_Benthic_Invertebrate_Biomass_BBRKC_Survey,1353.461727,,,,,,Ecosystem,Upper Trophic,,,,,,,,,,,,,,,,1,1
2006,Summer_Benthic_Invertebrate_Biomass_BBRKC_Survey,1347.432834,,,,,,Ecosystem,Upper Trophic,,,,,,,,,,,,,,,,1,1
2007,Summer_Benthic_Invertebrate_Biomass_BBRKC_Survey,1293.764467,,,,,,Ecosystem,Upper Trophic,,,,,,,,,,,,,,,,1,1
2008,Summer_Benthic_Invertebrate_Biomass_BBRKC_Survey,1204.164426,,,,,,Ecosystem,Upper Trophic,,,,,,,,,,,,,,,,1,1
2009,Summer_Benthic_Invertebrate_Biomass_BBRKC_Survey,1134.075806,,,,,,Ecosystem,Upper Trophic,,,,,,,,,,,,,,,,1,1
2010,Summer_Benthic_Invertebrate_Biomass_BBRKC_Survey,1339.007261,,,,,,Ecosystem,Upper Trophic,,,,,,,,,,,,,,,,1,1
2011,Summer_Benthic_Invertebrate_Biomass_BBRKC_Survey,1607.163316,,,,,,Ecosystem,Upper Trophic,,,,,,,,,,,,,,,,1,1
2012,Summer_Benthic_Invertebrate_Biomass_BBRKC_Survey,1719.223205,,,,,,Ecosystem,Upper Trophic,,,,,,,,,,,,,,,,1,1
2013,Summer_Benthic_Invertebrate_Biomass_BBRKC_Survey,1886.150801,,,,,,Ecosystem,Upper Trophic,,,,,,,,,,,,,,,,1,1
2014,Summer_Benthic_Invertebrate_Biomass_BBRKC_Survey,1505.279677,,,,,,Ecosystem,Upper Trophic,,,,,,,,,,,,,,,,1,1
2015,Summer_Benthic_Invertebrate_Biomass_BBRKC_Survey,1485.984478,,,,,,Ecosystem,Upper Trophic,,,,,,,,,,,,,,,,1,1
2016,Summer_Benthic_Invertebrate_Biomass_BBRKC_Survey,1256.008893,,,,,,Ecosystem,Upper Trophic,,,,,,,,,,,,,,,,1,1
2017,Summer_Benthic_Invertebrate_Biomass_BBRKC_Survey,1527.208302,,,,,,Ecosystem,Upper Trophic,,,,,,,,,,,,,,,,1,1
2018,Summer_Benthic_Invertebrate_Biomass_BBRKC_Survey,976.948721,,,,,,Ecosystem,Upper Trophic,,,,,,,,,,,,,,,,1,1
2019,Summer_Benthic_Invertebrate_Biomass_BBRKC_Survey,1098.970245,,,,,,Ecosystem,Upper Trophic,,,,,,,,,,,,,,,,1,1
2020,Summer_Benthic_Invertebrate_Biomass_BBRKC_Survey,NA,,,,,,Ecosystem,Upper Trophic,,,,,,,,,,,,,,,,1,0
2021,Summer_Benthic_Invertebrate_Biomass_BBRKC_Survey,NA,,,,,,Ecosystem,Upper Trophic,,,,,,,,,,,,,,,,1,0
1980,Summer_Cold_Pool_BBRKC_Survey,NA,,,,,,Ecosystem,Physical,,,,,,,,,,,,,,,,-1,0
1981,Summer_Cold_Pool_BBRKC_Survey,NA,,,,,,Ecosystem,Physical,,,,,,,,,,,,,,,,-1,0
1982,Summer_Cold_Pool_BBRKC_Survey,30075,,,,,,Ecosystem,Physical,,,,,,,,,,,,,,,,-1,0
1983,Summer_Cold_Pool_BBRKC_Survey,6416,,,,,,Ecosystem,Physical,,,,,,,,,,,,,,,,-1,-1
1984,Summer_Cold_Pool_BBRKC_Survey,16040,,,,,,Ecosystem,Physical,,,,,,,,,,,,,,,,-1,0
1985,Summer_Cold_Pool_BBRKC_Survey,9624,,,,,,Ecosystem,Physical,,,,,,,,,,,,,,,,-1,-1
1986,Summer_Cold_Pool_BBRKC_Survey,22456,,,,,,Ecosystem,Physical,,,,,,,,,,,,,,,,-1,0
1987,Summer_Cold_Pool_BBRKC_Survey,0,,,,,,Ecosystem,Physical,,,,,,,,,,,,,,,,-1,0
1988,Summer_Cold_Pool_BBRKC_Survey,15639,,,,,,Ecosystem,Physical,,,,,,,,,,,,,,,,-1,0
1989,Summer_Cold_Pool_BBRKC_Survey,14035,,,,,,Ecosystem,Physical,,,,,,,,,,,,,,,,-1,0
1990,Summer_Cold_Pool_BBRKC_Survey,3208,,,,,,Ecosystem,Physical,,,,,,,,,,,,,,,,-1,-1
1991,Summer_Cold_Pool_BBRKC_Survey,4411,,,,,,Ecosystem,Physical,,,,,,,,,,,,,,,,-1,-1
1992,Summer_Cold_Pool_BBRKC_Survey,15639,,,,,,Ecosystem,Physical,,,,,,,,,,,,,,,,-1,0
1993,Summer_Cold_Pool_BBRKC_Survey,8421,,,,,,Ecosystem,Physical,,,,,,,,,,,,,,,,-1,-1
1994,Summer_Cold_Pool_BBRKC_Survey,17243,,,,,,Ecosystem,Physical,,,,,,,,,,,,,,,,-1,0
1995,Summer_Cold_Pool_BBRKC_Survey,24461,,,,,,Ecosystem,Physical,,,,,,,,,,,,,,,,-1,0
1996,Summer_Cold_Pool_BBRKC_Survey,4812,,,,,,Ecosystem,Physical,,,,,,,,,,,,,,,,-1,-1
1997,Summer_Cold_Pool_BBRKC_Survey,15639,,,,,,Ecosystem,Physical,,,,,,,,,,,,,,,,-1,0
1998,Summer_Cold_Pool_BBRKC_Survey,0,,,,,,Ecosystem,Physical,,,,,,,,,,,,,,,,-1,0
1999,Summer_Cold_Pool_BBRKC_Survey,41704,,,,,,Ecosystem,Physical,,,,,,,,,,,,,,,,-1,0
2000,Summer_Cold_Pool_BBRKC_Survey,23258,,,,,,Ecosystem,Physical,,,,,,,,,,,,,,,,-1,0
2001,Summer_Cold_Pool_BBRKC_Survey,4812,,,,,,Ecosystem,Physical,,,,,,,,,,,,,,,,-1,-1
2002,Summer_Cold_Pool_BBRKC_Survey,802,,,,,,Ecosystem,Physical,,,,,,,,,,,,,,,,-1,-1
2003,Summer_Cold_Pool_BBRKC_Survey,802,,,,,,Ecosystem,Physical,,,,,,,,,,,,,,,,-1,-1
2004,Summer_Cold_Pool_BBRKC_Survey,0,,,,,,Ecosystem,Physical,,,,,,,,,,,,,,,,-1,0
2005,Summer_Cold_Pool_BBRKC_Survey,0,,,,,,Ecosystem,Physical,,,,,,,,,,,,,,,,-1,0
2006,Summer_Cold_Pool_BBRKC_Survey,18446,,,,,,Ecosystem,Physical,,,,,,,,,,,,,,,,-1,0
2007,Summer_Cold_Pool_BBRKC_Survey,28471,,,,,,Ecosystem,Physical,,,,,,,,,,,,,,,,-1,0
2008,Summer_Cold_Pool_BBRKC_Survey,37293,,,,,,Ecosystem,Physical,,,,,,,,,,,,,,,,-1,0
2009,Summer_Cold_Pool_BBRKC_Survey,34887,,,,,,Ecosystem,Physical,,,,,,,,,,,,,,,,-1,0
2010,Summer_Cold_Pool_BBRKC_Survey,26867,,,,,,Ecosystem,Physical,,,,,,,,,,,,,,,,-1,0
2011,Summer_Cold_Pool_BBRKC_Survey,9223,,,,,,Ecosystem,Physical,,,,,,,,,,,,,,,,-1,-1
2012,Summer_Cold_Pool_BBRKC_Survey,39298,,,,,,Ecosystem,Physical,,,,,,,,,,,,,,,,-1,0
2013,Summer_Cold_Pool_BBRKC_Survey,22456,,,,,,Ecosystem,Physical,,,,,,,,,,,,,,,,-1,0
2014,Summer_Cold_Pool_BBRKC_Survey,401,,,,,,Ecosystem,Physical,,,,,,,,,,,,,,,,-1,-1
2015,Summer_Cold_Pool_BBRKC_Survey,0,,,,,,Ecosystem,Physical,,,,,,,,,,,,,,,,-1,0
2016,Summer_Cold_Pool_BBRKC_Survey,0,,,,,,Ecosystem,Physical,,,,,,,,,,,,,,,,-1,0
2017,Summer_Cold_Pool_BBRKC_Survey,18446,,,,,,Ecosystem,Physical,,,,,,,,,,,,,,,,-1,0
2018,Summer_Cold_Pool_BBRKC_Survey,0,,,,,,Ecosystem,Physical,,,,,,,,,,,,,,,,-1,0
2019,Summer_Cold_Pool_BBRKC_Survey,0,,,,,,Ecosystem,Physical,,,,,,,,,,,,,,,,-1,0
2020,Summer_Cold_Pool_BBRKC_Survey,NA,,,,,,Ecosystem,Physical,,,,,,,,,,,,,,,,-1,0
2021,Summer_Cold_Pool_BBRKC_Survey,0,,,,,,Ecosystem,Physical,,,,,,,,,,,,,,,,-1,0
1980,Summer_Temperature_Bottom_BBRKC_Survey,NA,,,,,,Ecosystem,Physical,,,,,,,,,,,,,,,,1,0
1981,Summer_Temperature_Bottom_BBRKC_Survey,NA,,,,,,Ecosystem,Physical,,,,,,,,,,,,,,,,1,0
1982,Summer_Temperature_Bottom_BBRKC_Survey,1.795454545,,,,,,Ecosystem,Physical,,,,,,,,,,,,,,,,1,1
1983,Summer_Temperature_Bottom_BBRKC_Survey,3.511851852,,,,,,Ecosystem,Physical,,,,,,,,,,,,,,,,1,1
1984,Summer_Temperature_Bottom_BBRKC_Survey,2.97751938,,,,,,Ecosystem,Physical,,,,,,,,,,,,,,,,1,1
1985,Summer_Temperature_Bottom_BBRKC_Survey,3.073109244,,,,,,Ecosystem,Physical,,,,,,,,,,,,,,,,1,1
1986,Summer_Temperature_Bottom_BBRKC_Survey,2.16484375,,,,,,Ecosystem,Physical,,,,,,,,,,,,,,,,1,1
1987,Summer_Temperature_Bottom_BBRKC_Survey,3.693939394,,,,,,Ecosystem,Physical,,,,,,,,,,,,,,,,1,1
1988,Summer_Temperature_Bottom_BBRKC_Survey,2.702272727,,,,,,Ecosystem,Physical,,,,,,,,,,,,,,,,1,1
1989,Summer_Temperature_Bottom_BBRKC_Survey,2.734108527,,,,,,Ecosystem,Physical,,,,,,,,,,,,,,,,1,1
1990,Summer_Temperature_Bottom_BBRKC_Survey,2.905208333,,,,,,Ecosystem,Physical,,,,,,,,,,,,,,,,1,1
1991,Summer_Temperature_Bottom_BBRKC_Survey,3.274193548,,,,,,Ecosystem,Physical,,,,,,,,,,,,,,,,1,1
1992,Summer_Temperature_Bottom_BBRKC_Survey,2.306666667,,,,,,Ecosystem,Physical,,,,,,,,,,,,,,,,1,1
1993,Summer_Temperature_Bottom_BBRKC_Survey,3.359016393,,,,,,Ecosystem,Physical,,,,,,,,,,,,,,,,1,1
1994,Summer_Temperature_Bottom_BBRKC_Survey,2.471755725,,,,,,Ecosystem,Physical,,,,,,,,,,,,,,,,1,1
1995,Summer_Temperature_Bottom_BBRKC_Survey,1.953383459,,,,,,Ecosystem,Physical,,,,,,,,,,,,,,,,1,1
1996,Summer_Temperature_Bottom_BBRKC_Survey,3.779230769,,,,,,Ecosystem,Physical,,,,,,,,,,,,,,,,1,1
1997,Summer_Temperature_Bottom_BBRKC_Survey,2.847407407,,,,,,Ecosystem,Physical,,,,,,,,,,,,,,,,1,1
1998,Summer_Temperature_Bottom_BBRKC_Survey,3.835384615,,,,,,Ecosystem,Physical,,,,,,,,,,,,,,,,1,1
1999,Summer_Temperature_Bottom_BBRKC_Survey,1.217197452,,,,,,Ecosystem,Physical,,,,,,,,,,,,,,,,1,1
2000,Summer_Temperature_Bottom_BBRKC_Survey,2.58013245,,,,,,Ecosystem,Physical,,,,,,,,,,,,,,,,1,1
2001,Summer_Temperature_Bottom_BBRKC_Survey,3.304477612,,,,,,Ecosystem,Physical,,,,,,,,,,,,,,,,1,1
2002,Summer_Temperature_Bottom_BBRKC_Survey,3.571111111,,,,,,Ecosystem,Physical,,,,,,,,,,,,,,,,1,1
2003,Summer_Temperature_Bottom_BBRKC_Survey,4.066165414,,,,,,Ecosystem,Physical,,,,,,,,,,,,,,,,1,1
2004,Summer_Temperature_Bottom_BBRKC_Survey,3.77238806,,,,,,Ecosystem,Physical,,,,,,,,,,,,,,,,1,1
2005,Summer_Temperature_Bottom_BBRKC_Survey,4.284615385,,,,,,Ecosystem,Physical,,,,,,,,,,,,,,,,1,1
2006,Summer_Temperature_Bottom_BBRKC_Survey,2.74601227,,,,,,Ecosystem,Physical,,,,,,,,,,,,,,,,1,1
2007,Summer_Temperature_Bottom_BBRKC_Survey,2.339285714,,,,,,Ecosystem,Physical,,,,,,,,,,,,,,,,1,1
2008,Summer_Temperature_Bottom_BBRKC_Survey,1.986904762,,,,,,Ecosystem,Physical,,,,,,,,,,,,,,,,1,1
2009,Summer_Temperature_Bottom_BBRKC_Survey,2.000595238,,,,,,Ecosystem,Physical,,,,,,,,,,,,,,,,1,1
2010,Summer_Temperature_Bottom_BBRKC_Survey,2.193670886,,,,,,Ecosystem,Physical,,,,,,,,,,,,,,,,1,1
2011,Summer_Temperature_Bottom_BBRKC_Survey,3.231410256,,,,,,Ecosystem,Physical,,,,,,,,,,,,,,,,1,1
2012,Summer_Temperature_Bottom_BBRKC_Survey,1.54,,,,,,Ecosystem,Physical,,,,,,,,,,,,,,,,1,1
2013,Summer_Temperature_Bottom_BBRKC_Survey,2.374264706,,,,,,Ecosystem,Physical,,,,,,,,,,,,,,,,1,1
2014,Summer_Temperature_Bottom_BBRKC_Survey,4.148529412,,,,,,Ecosystem,Physical,,,,,,,,,,,,,,,,1,1
2015,Summer_Temperature_Bottom_BBRKC_Survey,4.490441176,,,,,,Ecosystem,Physical,,,,,,,,,,,,,,,,1,1
2016,Summer_Temperature_Bottom_BBRKC_Survey,5.488235294,,,,,,Ecosystem,Physical,,,,,,,,,,,,,,,,1,1
2017,Summer_Temperature_Bottom_BBRKC_Survey,3.112820513,,,,,,Ecosystem,Physical,,,,,,,,,,,,,,,,1,1
2018,Summer_Temperature_Bottom_BBRKC_Survey,4.613235294,,,,,,Ecosystem,Physical,,,,,,,,,,,,,,,,1,1
2019,Summer_Temperature_Bottom_BBRKC_Survey,5.105147059,,,,,,Ecosystem,Physical,,,,,,,,,,,,,,,,1,1
2020,Summer_Temperature_Bottom_BBRKC_Survey,NA,,,,,,Ecosystem,Physical,,,,,,,,,,,,,,,,1,0
2021,Summer_Temperature_Bottom_BBRKC_Survey,3.923529412,,,,,,Ecosystem,Physical,,,,,,,,,,,,,,,,1,1
1980,Annual_Red_King_Crab_Recruit_Biomass_BBRKC_Model,33352.25471,,,,,,Ecosystem,Upper Trophic,,,,,,,,,,,,,,,,1,0
1981,Annual_Red_King_Crab_Recruit_Biomass_BBRKC_Model,23114.23108,,,,,,Ecosystem,Upper Trophic,,,,,,,,,,,,,,,,1,0
1982,Annual_Red_King_Crab_Recruit_Biomass_BBRKC_Model,22853.7047,,,,,,Ecosystem,Upper Trophic,,,,,,,,,,,,,,,,1,0
1983,Annual_Red_King_Crab_Recruit_Biomass_BBRKC_Model,12919.99254,,,,,,Ecosystem,Upper Trophic,,,,,,,,,,,,,,,,1,0
1984,Annual_Red_King_Crab_Recruit_Biomass_BBRKC_Model,19071.78103,,,,,,Ecosystem,Upper Trophic,,,,,,,,,,,,,,,,1,0
1985,Annual_Red_King_Crab_Recruit_Biomass_BBRKC_Model,13543.15742,,,,,,Ecosystem,Upper Trophic,,,,,,,,,,,,,,,,1,0
1986,Annual_Red_King_Crab_Recruit_Biomass_BBRKC_Model,20889.4743,,,,,,Ecosystem,Upper Trophic,,,,,,,,,,,,,,,,1,0
1987,Annual_Red_King_Crab_Recruit_Biomass_BBRKC_Model,17245.91282,,,,,,Ecosystem,Upper Trophic,,,,,,,,,,,,,,,,1,0
1988,Annual_Red_King_Crab_Recruit_Biomass_BBRKC_Model,10135.55529,,,,,,Ecosystem,Upper Trophic,,,,,,,,,,,,,,,,1,0
1989,Annual_Red_King_Crab_Recruit_Biomass_BBRKC_Model,11098.75652,,,,,,Ecosystem,Upper Trophic,,,,,,,,,,,,,,,,1,0
1990,Annual_Red_King_Crab_Recruit_Biomass_BBRKC_Model,10741.50566,,,,,,Ecosystem,Upper Trophic,,,,,,,,,,,,,,,,1,0
1991,Annual_Red_King_Crab_Recruit_Biomass_BBRKC_Model,9356.171908,,,,,,Ecosystem,Upper Trophic,,,,,,,,,,,,,,,,1,1
1992,Annual_Red_King_Crab_Recruit_Biomass_BBRKC_Model,6850.61406,,,,,,Ecosystem,Upper Trophic,,,,,,,,,,,,,,,,1,1
1993,Annual_Red_King_Crab_Recruit_Biomass_BBRKC_Model,12658.68524,,,,,,Ecosystem,Upper Trophic,,,,,,,,,,,,,,,,1,0
1994,Annual_Red_King_Crab_Recruit_Biomass_BBRKC_Model,8169.888667,,,,,,Ecosystem,Upper Trophic,,,,,,,,,,,,,,,,1,1
1995,Annual_Red_King_Crab_Recruit_Biomass_BBRKC_Model,7501.289585,,,,,,Ecosystem,Upper Trophic,,,,,,,,,,,,,,,,1,1
1996,Annual_Red_King_Crab_Recruit_Biomass_BBRKC_Model,4707.076873,,,,,,Ecosystem,Upper Trophic,,,,,,,,,,,,,,,,1,1
1997,Annual_Red_King_Crab_Recruit_Biomass_BBRKC_Model,11860.91843,,,,,,Ecosystem,Upper Trophic,,,,,,,,,,,,,,,,1,0
1998,Annual_Red_King_Crab_Recruit_Biomass_BBRKC_Model,21632.63505,,,,,,Ecosystem,Upper Trophic,,,,,,,,,,,,,,,,1,0
1999,Annual_Red_King_Crab_Recruit_Biomass_BBRKC_Model,11553.79609,,,,,,Ecosystem,Upper Trophic,,,,,,,,,,,,,,,,1,0
2000,Annual_Red_King_Crab_Recruit_Biomass_BBRKC_Model,11106.43517,,,,,,Ecosystem,Upper Trophic,,,,,,,,,,,,,,,,1,0
2001,Annual_Red_King_Crab_Recruit_Biomass_BBRKC_Model,6067.722262,,,,,,Ecosystem,Upper Trophic,,,,,,,,,,,,,,,,1,1
2002,Annual_Red_King_Crab_Recruit_Biomass_BBRKC_Model,13009.83508,,,,,,Ecosystem,Upper Trophic,,,,,,,,,,,,,,,,1,0
2003,Annual_Red_King_Crab_Recruit_Biomass_BBRKC_Model,14874.97631,,,,,,Ecosystem,Upper Trophic,,,,,,,,,,,,,,,,1,0
2004,Annual_Red_King_Crab_Recruit_Biomass_BBRKC_Model,18587.50682,,,,,,Ecosystem,Upper Trophic,,,,,,,,,,,,,,,,1,0
2005,Annual_Red_King_Crab_Recruit_Biomass_BBRKC_Model,14562.94885,,,,,,Ecosystem,Upper Trophic,,,,,,,,,,,,,,,,1,0
2006,Annual_Red_King_Crab_Recruit_Biomass_BBRKC_Model,10516.24454,,,,,,Ecosystem,Upper Trophic,,,,,,,,,,,,,,,,1,0
2007,Annual_Red_King_Crab_Recruit_Biomass_BBRKC_Model,14081.57131,,,,,,Ecosystem,Upper Trophic,,,,,,,,,,,,,,,,1,0
2008,Annual_Red_King_Crab_Recruit_Biomass_BBRKC_Model,21805.92481,,,,,,Ecosystem,Upper Trophic,,,,,,,,,,,,,,,,1,0
2009,Annual_Red_King_Crab_Recruit_Biomass_BBRKC_Model,16796.49998,,,,,,Ecosystem,Upper Trophic,,,,,,,,,,,,,,,,1,0
2010,Annual_Red_King_Crab_Recruit_Biomass_BBRKC_Model,11463.72493,,,,,,Ecosystem,Upper Trophic,,,,,,,,,,,,,,,,1,0
2011,Annual_Red_King_Crab_Recruit_Biomass_BBRKC_Model,7197.509361,,,,,,Ecosystem,Upper Trophic,,,,,,,,,,,,,,,,1,1
2012,Annual_Red_King_Crab_Recruit_Biomass_BBRKC_Model,6680.150839,,,,,,Ecosystem,Upper Trophic,,,,,,,,,,,,,,,,1,1
2013,Annual_Red_King_Crab_Recruit_Biomass_BBRKC_Model,8300.244519,,,,,,Ecosystem,Upper Trophic,,,,,,,,,,,,,,,,1,1
2014,Annual_Red_King_Crab_Recruit_Biomass_BBRKC_Model,15671.50677,,,,,,Ecosystem,Upper Trophic,,,,,,,,,,,,,,,,1,0
2015,Annual_Red_King_Crab_Recruit_Biomass_BBRKC_Model,7109.140418,,,,,,Ecosystem,Upper Trophic,,,,,,,,,,,,,,,,1,1
2016,Annual_Red_King_Crab_Recruit_Biomass_BBRKC_Model,3932.646842,,,,,,Ecosystem,Upper Trophic,,,,,,,,,,,,,,,,1,1
2017,Annual_Red_King_Crab_Recruit_Biomass_BBRKC_Model,2857.304281,,,,,,Ecosystem,Upper Trophic,,,,,,,,,,,,,,,,1,1
2018,Annual_Red_King_Crab_Recruit_Biomass_BBRKC_Model,2321.674062,,,,,,Ecosystem,Upper Trophic,,,,,,,,,,,,,,,,1,1
2019,Annual_Red_King_Crab_Recruit_Biomass_BBRKC_Model,4767.52523,,,,,,Ecosystem,Upper Trophic,,,,,,,,,,,,,,,,1,1
2020,Annual_Red_King_Crab_Recruit_Biomass_BBRKC_Model,NA,,,,,,Ecosystem,Upper Trophic,,,,,,,,,,,,,,,,1,0
2021,Annual_Red_King_Crab_Recruit_Biomass_BBRKC_Model,4240.518379,,,,,,Ecosystem,Upper Trophic,,,,,,,,,,,,,,,,1,1
1980,Summer_Wind_Stress_BBRKC_Satellite,NA,,,,,,Ecosystem,Physical,,,,,,,,,,,,,,,,-1,0
1981,Summer_Wind_Stress_BBRKC_Satellite,NA,,,,,,Ecosystem,Physical,,,,,,,,,,,,,,,,-1,0
1982,Summer_Wind_Stress_BBRKC_Satellite,NA,,,,,,Ecosystem,Physical,,,,,,,,,,,,,,,,-1,0
1983,Summer_Wind_Stress_BBRKC_Satellite,NA,,,,,,Ecosystem,Physical,,,,,,,,,,,,,,,,-1,0
1984,Summer_Wind_Stress_BBRKC_Satellite,NA,,,,,,Ecosystem,Physical,,,,,,,,,,,,,,,,-1,0
1985,Summer_Wind_Stress_BBRKC_Satellite,NA,,,,,,Ecosystem,Physical,,,,,,,,,,,,,,,,-1,0
1986,Summer_Wind_Stress_BBRKC_Satellite,NA,,,,,,Ecosystem,Physical,,,,,,,,,,,,,,,,-1,0
1987,Summer_Wind_Stress_BBRKC_Satellite,NA,,,,,,Ecosystem,Physical,,,,,,,,,,,,,,,,-1,0
1988,Summer_Wind_Stress_BBRKC_Satellite,5.34,,,,,,Ecosystem,Physical,,,,,,,,,,,,,,,,-1,-1
1989,Summer_Wind_Stress_BBRKC_Satellite,5.47,,,,,,Ecosystem,Physical,,,,,,,,,,,,,,,,-1,-1
1990,Summer_Wind_Stress_BBRKC_Satellite,4.29,,,,,,Ecosystem,Physical,,,,,,,,,,,,,,,,-1,-1
1991,Summer_Wind_Stress_BBRKC_Satellite,5.56,,,,,,Ecosystem,Physical,,,,,,,,,,,,,,,,-1,-1
1992,Summer_Wind_Stress_BBRKC_Satellite,5.52,,,,,,Ecosystem,Physical,,,,,,,,,,,,,,,,-1,-1
1993,Summer_Wind_Stress_BBRKC_Satellite,5.49,,,,,,Ecosystem,Physical,,,,,,,,,,,,,,,,-1,-1
1994,Summer_Wind_Stress_BBRKC_Satellite,5.06,,,,,,Ecosystem,Physical,,,,,,,,,,,,,,,,-1,-1
1995,Summer_Wind_Stress_BBRKC_Satellite,4.93,,,,,,Ecosystem,Physical,,,,,,,,,,,,,,,,-1,-1
1996,Summer_Wind_Stress_BBRKC_Satellite,6.88,,,,,,Ecosystem,Physical,,,,,,,,,,,,,,,,-1,-1
1997,Summer_Wind_Stress_BBRKC_Satellite,4.25,,,,,,Ecosystem,Physical,,,,,,,,,,,,,,,,-1,-1
1998,Summer_Wind_Stress_BBRKC_Satellite,5.19,,,,,,Ecosystem,Physical,,,,,,,,,,,,,,,,-1,-1
1999,Summer_Wind_Stress_BBRKC_Satellite,4.81,,,,,,Ecosystem,Physical,,,,,,,,,,,,,,,,-1,-1
2000,Summer_Wind_Stress_BBRKC_Satellite,5.51,,,,,,Ecosystem,Physical,,,,,,,,,,,,,,,,-1,-1
2001,Summer_Wind_Stress_BBRKC_Satellite,4.24,,,,,,Ecosystem,Physical,,,,,,,,,,,,,,,,-1,-1
2002,Summer_Wind_Stress_BBRKC_Satellite,4.77,,,,,,Ecosystem,Physical,,,,,,,,,,,,,,,,-1,-1
2003,Summer_Wind_Stress_BBRKC_Satellite,5.69,,,,,,Ecosystem,Physical,,,,,,,,,,,,,,,,-1,-1
2004,Summer_Wind_Stress_BBRKC_Satellite,5.33,,,,,,Ecosystem,Physical,,,,,,,,,,,,,,,,-1,-1
2005,Summer_Wind_Stress_BBRKC_Satellite,5.27,,,,,,Ecosystem,Physical,,,,,,,,,,,,,,,,-1,-1
2006,Summer_Wind_Stress_BBRKC_Satellite,5.14,,,,,,Ecosystem,Physical,,,,,,,,,,,,,,,,-1,-1
2007,Summer_Wind_Stress_BBRKC_Satellite,5.36,,,,,,Ecosystem,Physical,,,,,,,,,,,,,,,,-1,-1
2008,Summer_Wind_Stress_BBRKC_Satellite,4.67,,,,,,Ecosystem,Physical,,,,,,,,,,,,,,,,-1,-1
2009,Summer_Wind_Stress_BBRKC_Satellite,4.98,,,,,,Ecosystem,Physical,,,,,,,,,,,,,,,,-1,-1
2010,Summer_Wind_Stress_BBRKC_Satellite,6.34,,,,,,Ecosystem,Physical,,,,,,,,,,,,,,,,-1,-1
2011,Summer_Wind_Stress_BBRKC_Satellite,7.24,,,,,,Ecosystem,Physical,,,,,,,,,,,,,,,,-1,-1
2012,Summer_Wind_Stress_BBRKC_Satellite,6.02,,,,,,Ecosystem,Physical,,,,,,,,,,,,,,,,-1,-1
2013,Summer_Wind_Stress_BBRKC_Satellite,5.39,,,,,,Ecosystem,Physical,,,,,,,,,,,,,,,,-1,-1
2014,Summer_Wind_Stress_BBRKC_Satellite,6.77,,,,,,Ecosystem,Physical,,,,,,,,,,,,,,,,-1,-1
2015,Summer_Wind_Stress_BBRKC_Satellite,6.05,,,,,,Ecosystem,Physical,,,,,,,,,,,,,,,,-1,-1
2016,Summer_Wind_Stress_BBRKC_Satellite,5.93,,,,,,Ecosystem,Physical,,,,,,,,,,,,,,,,-1,-1
2017,Summer_Wind_Stress_BBRKC_Satellite,5.59,,,,,,Ecosystem,Physical,,,,,,,,,,,,,,,,-1,-1
2018,Summer_Wind_Stress_BBRKC_Satellite,6.05,,,,,,Ecosystem,Physical,,,,,,,,,,,,,,,,-1,-1
2019,Summer_Wind_Stress_BBRKC_Satellite,6.58,,,,,,Ecosystem,Physical,,,,,,,,,,,,,,,,-1,-1
2020,Summer_Wind_Stress_BBRKC_Satellite,6.04,,,,,,Ecosystem,Physical,,,,,,,,,,,,,,,,-1,-1
2021,Summer_Wind_Stress_BBRKC_Satellite,6.3,,,,,,Ecosystem,Physical,,,,,,,,,,,,,,,,-1,-1
1980,Spring_Chlorophylla_Biomass_SEBS_Inner_Shelf_Satellite,NA,,,,,,Ecosystem,Physical,,,,,,,,,,,,,,,,1,0
1981,Spring_Chlorophylla_Biomass_SEBS_Inner_Shelf_Satellite,NA,,,,,,Ecosystem,Physical,,,,,,,,,,,,,,,,1,0
1982,Spring_Chlorophylla_Biomass_SEBS_Inner_Shelf_Satellite,NA,,,,,,Ecosystem,Physical,,,,,,,,,,,,,,,,1,0
1983,Spring_Chlorophylla_Biomass_SEBS_Inner_Shelf_Satellite,NA,,,,,,Ecosystem,Physical,,,,,,,,,,,,,,,,1,0
1984,Spring_Chlorophylla_Biomass_SEBS_Inner_Shelf_Satellite,NA,,,,,,Ecosystem,Physical,,,,,,,,,,,,,,,,1,0
1985,Spring_Chlorophylla_Biomass_SEBS_Inner_Shelf_Satellite,NA,,,,,,Ecosystem,Physical,,,,,,,,,,,,,,,,1,0
1986,Spring_Chlorophylla_Biomass_SEBS_Inner_Shelf_Satellite,NA,,,,,,Ecosystem,Physical,,,,,,,,,,,,,,,,1,0
1987,Spring_Chlorophylla_Biomass_SEBS_Inner_Shelf_Satellite,NA,,,,,,Ecosystem,Physical,,,,,,,,,,,,,,,,1,0
1988,Spring_Chlorophylla_Biomass_SEBS_Inner_Shelf_Satellite,NA,,,,,,Ecosystem,Physical,,,,,,,,,,,,,,,,1,0
1989,Spring_Chlorophylla_Biomass_SEBS_Inner_Shelf_Satellite,NA,,,,,,Ecosystem,Physical,,,,,,,,,,,,,,,,1,0
1990,Spring_Chlorophylla_Biomass_SEBS_Inner_Shelf_Satellite,NA,,,,,,Ecosystem,Physical,,,,,,,,,,,,,,,,1,0
1991,Spring_Chlorophylla_Biomass_SEBS_Inner_Shelf_Satellite,NA,,,,,,Ecosystem,Physical,,,,,,,,,,,,,,,,1,0
1992,Spring_Chlorophylla_Biomass_SEBS_Inner_Shelf_Satellite,NA,,,,,,Ecosystem,Physical,,,,,,,,,,,,,,,,1,0
1993,Spring_Chlorophylla_Biomass_SEBS_Inner_Shelf_Satellite,NA,,,,,,Ecosystem,Physical,,,,,,,,,,,,,,,,1,0
1994,Spring_Chlorophylla_Biomass_SEBS_Inner_Shelf_Satellite,NA,,,,,,Ecosystem,Physical,,,,,,,,,,,,,,,,1,0
1995,Spring_Chlorophylla_Biomass_SEBS_Inner_Shelf_Satellite,NA,,,,,,Ecosystem,Physical,,,,,,,,,,,,,,,,1,0
1996,Spring_Chlorophylla_Biomass_SEBS_Inner_Shelf_Satellite,NA,,,,,,Ecosystem,Physical,,,,,,,,,,,,,,,,1,0
1997,Spring_Chlorophylla_Biomass_SEBS_Inner_Shelf_Satellite,NA,,,,,,Ecosystem,Physical,,,,,,,,,,,,,,,,1,0
1998,Spring_Chlorophylla_Biomass_SEBS_Inner_Shelf_Satellite,NA,,,,,,Ecosystem,Physical,,,,,,,,,,,,,,,,1,0
1999,Spring_Chlorophylla_Biomass_SEBS_Inner_Shelf_Satellite,NA,,,,,,Ecosystem,Physical,,,,,,,,,,,,,,,,1,0
2000,Spring_Chlorophylla_Biomass_SEBS_Inner_Shelf_Satellite,NA,,,,,,Ecosystem,Physical,,,,,,,,,,,,,,,,1,0
2001,Spring_Chlorophylla_Biomass_SEBS_Inner_Shelf_Satellite,NA,,,,,,Ecosystem,Physical,,,,,,,,,,,,,,,,1,0
2002,Spring_Chlorophylla_Biomass_SEBS_Inner_Shelf_Satellite,NA,,,,,,Ecosystem,Physical,,,,,,,,,,,,,,,,1,0
2003,Spring_Chlorophylla_Biomass_SEBS_Inner_Shelf_Satellite,3.125005111,,,,,,Ecosystem,Physical,,,,,,,,,,,,,,,,1,1
2004,Spring_Chlorophylla_Biomass_SEBS_Inner_Shelf_Satellite,3.793559854,,,,,,Ecosystem,Physical,,,,,,,,,,,,,,,,1,1
2005,Spring_Chlorophylla_Biomass_SEBS_Inner_Shelf_Satellite,2.869235233,,,,,,Ecosystem,Physical,,,,,,,,,,,,,,,,1,1
2006,Spring_Chlorophylla_Biomass_SEBS_Inner_Shelf_Satellite,1.996913757,,,,,,Ecosystem,Physical,,,,,,,,,,,,,,,,1,1
2007,Spring_Chlorophylla_Biomass_SEBS_Inner_Shelf_Satellite,2.107086713,,,,,,Ecosystem,Physical,,,,,,,,,,,,,,,,1,1
2008,Spring_Chlorophylla_Biomass_SEBS_Inner_Shelf_Satellite,2.195075774,,,,,,Ecosystem,Physical,,,,,,,,,,,,,,,,1,1
2009,Spring_Chlorophylla_Biomass_SEBS_Inner_Shelf_Satellite,3.158872095,,,,,,Ecosystem,Physical,,,,,,,,,,,,,,,,1,1
2010,Spring_Chlorophylla_Biomass_SEBS_Inner_Shelf_Satellite,4.162513711,,,,,,Ecosystem,Physical,,,,,,,,,,,,,,,,1,1
2011,Spring_Chlorophylla_Biomass_SEBS_Inner_Shelf_Satellite,2.904455368,,,,,,Ecosystem,Physical,,,,,,,,,,,,,,,,1,1
2012,Spring_Chlorophylla_Biomass_SEBS_Inner_Shelf_Satellite,2.855310934,,,,,,Ecosystem,Physical,,,,,,,,,,,,,,,,1,1
2013,Spring_Chlorophylla_Biomass_SEBS_Inner_Shelf_Satellite,2.970577178,,,,,,Ecosystem,Physical,,,,,,,,,,,,,,,,1,1
2014,Spring_Chlorophylla_Biomass_SEBS_Inner_Shelf_Satellite,4.280259725,,,,,,Ecosystem,Physical,,,,,,,,,,,,,,,,1,1
2015,Spring_Chlorophylla_Biomass_SEBS_Inner_Shelf_Satellite,3.946380863,,,,,,Ecosystem,Physical,,,,,,,,,,,,,,,,1,1
2016,Spring_Chlorophylla_Biomass_SEBS_Inner_Shelf_Satellite,2.370251368,,,,,,Ecosystem,Physical,,,,,,,,,,,,,,,,1,1
2017,Spring_Chlorophylla_Biomass_SEBS_Inner_Shelf_Satellite,1.945453971,,,,,,Ecosystem,Physical,,,,,,,,,,,,,,,,1,1
2018,Spring_Chlorophylla_Biomass_SEBS_Inner_Shelf_Satellite,2.100361709,,,,,,Ecosystem,Physical,,,,,,,,,,,,,,,,1,1
2019,Spring_Chlorophylla_Biomass_SEBS_Inner_Shelf_Satellite,2.236919847,,,,,,Ecosystem,Physical,,,,,,,,,,,,,,,,1,1
2020,Spring_Chlorophylla_Biomass_SEBS_Inner_Shelf_Satellite,2.527796898,,,,,,Ecosystem,Physical,,,,,,,,,,,,,,,,1,1
2021,Spring_Chlorophylla_Biomass_SEBS_Inner_Shelf_Satellite,2.490696415,,,,,,Ecosystem,Physical,,,,,,,,,,,,,,,,1,1
1980,Spring_pH_Index_BBRKC_Model,NA,,,,,,Ecosystem,Physical,,,,,,,,,,,,,,,,1,0
1981,Spring_pH_Index_BBRKC_Model,NA,,,,,,Ecosystem,Physical,,,,,,,,,,,,,,,,1,0
1982,Spring_pH_Index_BBRKC_Model,NA,,,,,,Ecosystem,Physical,,,,,,,,,,,,,,,,1,0
1983,Spring_pH_Index_BBRKC_Model,NA,,,,,,Ecosystem,Physical,,,,,,,,,,,,,,,,1,0
1984,Spring_pH_Index_BBRKC_Model,NA,,,,,,Ecosystem,Physical,,,,,,,,,,,,,,,,1,0
1985,Spring_pH_Index_BBRKC_Model,NA,,,,,,Ecosystem,Physical,,,,,,,,,,,,,,,,1,0
1986,Spring_pH_Index_BBRKC_Model,NA,,,,,,Ecosystem,Physical,,,,,,,,,,,,,,,,1,0
1987,Spring_pH_Index_BBRKC_Model,NA,,,,,,Ecosystem,Physical,,,,,,,,,,,,,,,,1,0
1988,Spring_pH_Index_BBRKC_Model,NA,,,,,,Ecosystem,Physical,,,,,,,,,,,,,,,,1,0
1989,Spring_pH_Index_BBRKC_Model,NA,,,,,,Ecosystem,Physical,,,,,,,,,,,,,,,,1,0
1990,Spring_pH_Index_BBRKC_Model,NA,,,,,,Ecosystem,Physical,,,,,,,,,,,,,,,,1,0
1991,Spring_pH_Index_BBRKC_Model,NA,,,,,,Ecosystem,Physical,,,,,,,,,,,,,,,,1,0
1992,Spring_pH_Index_BBRKC_Model,NA,,,,,,Ecosystem,Physical,,,,,,,,,,,,,,,,1,0
1993,Spring_pH_Index_BBRKC_Model,NA,,,,,,Ecosystem,Physical,,,,,,,,,,,,,,,,1,0
1994,Spring_pH_Index_BBRKC_Model,NA,,,,,,Ecosystem,Physical,,,,,,,,,,,,,,,,1,0
1995,Spring_pH_Index_BBRKC_Model,NA,,,,,,Ecosystem,Physical,,,,,,,,,,,,,,,,1,0
1996,Spring_pH_Index_BBRKC_Model,NA,,,,,,Ecosystem,Physical,,,,,,,,,,,,,,,,1,0
1997,Spring_pH_Index_BBRKC_Model,NA,,,,,,Ecosystem,Physical,,,,,,,,,,,,,,,,1,0
1998,Spring_pH_Index_BBRKC_Model,NA,,,,,,Ecosystem,Physical,,,,,,,,,,,,,,,,1,0
1999,Spring_pH_Index_BBRKC_Model,NA,,,,,,Ecosystem,Physical,,,,,,,,,,,,,,,,1,0
2000,Spring_pH_Index_BBRKC_Model,NA,,,,,,Ecosystem,Physical,,,,,,,,,,,,,,,,1,0
2001,Spring_pH_Index_BBRKC_Model,NA,,,,,,Ecosystem,Physical,,,,,,,,,,,,,,,,1,0
2002,Spring_pH_Index_BBRKC_Model,NA,,,,,,Ecosystem,Physical,,,,,,,,,,,,,,,,1,0
2003,Spring_pH_Index_BBRKC_Model,7.9941,,,,,,Ecosystem,Physical,,,,,,,,,,,,,,,,1,1
2004,Spring_pH_Index_BBRKC_Model,8.006,,,,,,Ecosystem,Physical,,,,,,,,,,,,,,,,1,1
2005,Spring_pH_Index_BBRKC_Model,7.9897,,,,,,Ecosystem,Physical,,,,,,,,,,,,,,,,1,1
2006,Spring_pH_Index_BBRKC_Model,7.9763,,,,,,Ecosystem,Physical,,,,,,,,,,,,,,,,1,1
2007,Spring_pH_Index_BBRKC_Model,7.9556,,,,,,Ecosystem,Physical,,,,,,,,,,,,,,,,1,1
2008,Spring_pH_Index_BBRKC_Model,7.9589,,,,,,Ecosystem,Physical,,,,,,,,,,,,,,,,1,1
2009,Spring_pH_Index_BBRKC_Model,7.9358,,,,,,Ecosystem,Physical,,,,,,,,,,,,,,,,1,1
2010,Spring_pH_Index_BBRKC_Model,7.9792,,,,,,Ecosystem,Physical,,,,,,,,,,,,,,,,1,1
2011,Spring_pH_Index_BBRKC_Model,7.9802,,,,,,Ecosystem,Physical,,,,,,,,,,,,,,,,1,1
2012,Spring_pH_Index_BBRKC_Model,7.9561,,,,,,Ecosystem,Physical,,,,,,,,,,,,,,,,1,1
2013,Spring_pH_Index_BBRKC_Model,7.879,,,,,,Ecosystem,Physical,,,,,,,,,,,,,,,,1,1
2014,Spring_pH_Index_BBRKC_Model,7.9014,,,,,,Ecosystem,Physical,,,,,,,,,,,,,,,,1,1
2015,Spring_pH_Index_BBRKC_Model,7.9637,,,,,,Ecosystem,Physical,,,,,,,,,,,,,,,,1,1
2016,Spring_pH_Index_BBRKC_Model,7.9811,,,,,,Ecosystem,Physical,,,,,,,,,,,,,,,,1,1
2017,Spring_pH_Index_BBRKC_Model,7.9723,,,,,,Ecosystem,Physical,,,,,,,,,,,,,,,,1,1
2018,Spring_pH_Index_BBRKC_Model,7.9395,,,,,,Ecosystem,Physical,,,,,,,,,,,,,,,,1,1
2019,Spring_pH_Index_BBRKC_Model,7.9401,,,,,,Ecosystem,Physical,,,,,,,,,,,,,,,,1,1
2020,Spring_pH_Index_BBRKC_Model,7.9148,,,,,,Ecosystem,Physical,,,,,,,,,,,,,,,,1,1
2021,Spring_pH_Index_BBRKC_Model,7.905,,,,,,Ecosystem,Physical,,,,,,,,,,,,,,,,1,1
1980,Summer_Sockeye_Salmon_Abundance_EBS_Survey,NA,,,,,,Ecosystem,Upper Trophic,,,,,,,,,,,,,,,,-1,0
1981,Summer_Sockeye_Salmon_Abundance_EBS_Survey,NA,,,,,,Ecosystem,Upper Trophic,,,,,,,,,,,,,,,,-1,0
1982,Summer_Sockeye_Salmon_Abundance_EBS_Survey,NA,,,,,,Ecosystem,Upper Trophic,,,,,,,,,,,,,,,,-1,0
1983,Summer_Sockeye_Salmon_Abundance_EBS_Survey,NA,,,,,,Ecosystem,Upper Trophic,,,,,,,,,,,,,,,,-1,0
1984,Summer_Sockeye_Salmon_Abundance_EBS_Survey,NA,,,,,,Ecosystem,Upper Trophic,,,,,,,,,,,,,,,,-1,0
1985,Summer_Sockeye_Salmon_Abundance_EBS_Survey,NA,,,,,,Ecosystem,Upper Trophic,,,,,,,,,,,,,,,,-1,0
1986,Summer_Sockeye_Salmon_Abundance_EBS_Survey,NA,,,,,,Ecosystem,Upper Trophic,,,,,,,,,,,,,,,,-1,0
1987,Summer_Sockeye_Salmon_Abundance_EBS_Survey,NA,,,,,,Ecosystem,Upper Trophic,,,,,,,,,,,,,,,,-1,0
1988,Summer_Sockeye_Salmon_Abundance_EBS_Survey,NA,,,,,,Ecosystem,Upper Trophic,,,,,,,,,,,,,,,,-1,0
1989,Summer_Sockeye_Salmon_Abundance_EBS_Survey,NA,,,,,,Ecosystem,Upper Trophic,,,,,,,,,,,,,,,,-1,0
1990,Summer_Sockeye_Salmon_Abundance_EBS_Survey,NA,,,,,,Ecosystem,Upper Trophic,,,,,,,,,,,,,,,,-1,0
1991,Summer_Sockeye_Salmon_Abundance_EBS_Survey,NA,,,,,,Ecosystem,Upper Trophic,,,,,,,,,,,,,,,,-1,0
1992,Summer_Sockeye_Salmon_Abundance_EBS_Survey,NA,,,,,,Ecosystem,Upper Trophic,,,,,,,,,,,,,,,,-1,0
1993,Summer_Sockeye_Salmon_Abundance_EBS_Survey,NA,,,,,,Ecosystem,Upper Trophic,,,,,,,,,,,,,,,,-1,0
1994,Summer_Sockeye_Salmon_Abundance_EBS_Survey,NA,,,,,,Ecosystem,Upper Trophic,,,,,,,,,,,,,,,,-1,0
1995,Summer_Sockeye_Salmon_Abundance_EBS_Survey,NA,,,,,,Ecosystem,Upper Trophic,,,,,,,,,,,,,,,,-1,0
1996,Summer_Sockeye_Salmon_Abundance_EBS_Survey,NA,,,,,,Ecosystem,Upper Trophic,,,,,,,,,,,,,,,,-1,0
1997,Summer_Sockeye_Salmon_Abundance_EBS_Survey,NA,,,,,,Ecosystem,Upper Trophic,,,,,,,,,,,,,,,,-1,0
1998,Summer_Sockeye_Salmon_Abundance_EBS_Survey,NA,,,,,,Ecosystem,Upper Trophic,,,,,,,,,,,,,,,,-1,0
1999,Summer_Sockeye_Salmon_Abundance_EBS_Survey,NA,,,,,,Ecosystem,Upper Trophic,,,,,,,,,,,,,,,,-1,0
2000,Summer_Sockeye_Salmon_Abundance_EBS_Survey,NA,,,,,,Ecosystem,Upper Trophic,,,,,,,,,,,,,,,,-1,0
2001,Summer_Sockeye_Salmon_Abundance_EBS_Survey,NA,,,,,,Ecosystem,Upper Trophic,,,,,,,,,,,,,,,,-1,0
2002,Summer_Sockeye_Salmon_Abundance_EBS_Survey,8591,,,,,,Ecosystem,Upper Trophic,,,,,,,,,,,,,,,,-1,-1
2003,Summer_Sockeye_Salmon_Abundance_EBS_Survey,10712,,,,,,Ecosystem,Upper Trophic,,,,,,,,,,,,,,,,-1,0
2004,Summer_Sockeye_Salmon_Abundance_EBS_Survey,6202,,,,,,Ecosystem,Upper Trophic,,,,,,,,,,,,,,,,-1,-1
2005,Summer_Sockeye_Salmon_Abundance_EBS_Survey,13078,,,,,,Ecosystem,Upper Trophic,,,,,,,,,,,,,,,,-1,0
2006,Summer_Sockeye_Salmon_Abundance_EBS_Survey,1808,,,,,,Ecosystem,Upper Trophic,,,,,,,,,,,,,,,,-1,-1
2007,Summer_Sockeye_Salmon_Abundance_EBS_Survey,5311,,,,,,Ecosystem,Upper Trophic,,,,,,,,,,,,,,,,-1,-1
2008,Summer_Sockeye_Salmon_Abundance_EBS_Survey,NA,,,,,,Ecosystem,Upper Trophic,,,,,,,,,,,,,,,,-1,0
2009,Summer_Sockeye_Salmon_Abundance_EBS_Survey,1877,,,,,,Ecosystem,Upper Trophic,,,,,,,,,,,,,,,,-1,-1
2010,Summer_Sockeye_Salmon_Abundance_EBS_Survey,911,,,,,,Ecosystem,Upper Trophic,,,,,,,,,,,,,,,,-1,-1
2011,Summer_Sockeye_Salmon_Abundance_EBS_Survey,599,,,,,,Ecosystem,Upper Trophic,,,,,,,,,,,,,,,,-1,-1
2012,Summer_Sockeye_Salmon_Abundance_EBS_Survey,1177,,,,,,Ecosystem,Upper Trophic,,,,,,,,,,,,,,,,-1,-1
2013,Summer_Sockeye_Salmon_Abundance_EBS_Survey,NA,,,,,,Ecosystem,Upper Trophic,,,,,,,,,,,,,,,,-1,0
2014,Summer_Sockeye_Salmon_Abundance_EBS_Survey,29376,,,,,,Ecosystem,Upper Trophic,,,,,,,,,,,,,,,,-1,0
2015,Summer_Sockeye_Salmon_Abundance_EBS_Survey,NA,,,,,,Ecosystem,Upper Trophic,,,,,,,,,,,,,,,,-1,0
2016,Summer_Sockeye_Salmon_Abundance_EBS_Survey,14552,,,,,,Ecosystem,Upper Trophic,,,,,,,,,,,,,,,,-1,0
2017,Summer_Sockeye_Salmon_Abundance_EBS_Survey,NA,,,,,,Ecosystem,Upper Trophic,,,,,,,,,,,,,,,,-1,0
2018,Summer_Sockeye_Salmon_Abundance_EBS_Survey,27163,,,,,,Ecosystem,Upper Trophic,,,,,,,,,,,,,,,,-1,0
2019,Summer_Sockeye_Salmon_Abundance_EBS_Survey,NA,,,,,,Ecosystem,Upper Trophic,,,,,,,,,,,,,,,,-1,0
2020,Summer_Sockeye_Salmon_Abundance_EBS_Survey,NA,,,,,,Ecosystem,Upper Trophic,,,,,,,,,,,,,,,,-1,0
2021,Summer_Sockeye_Salmon_Abundance_EBS_Survey,NA,,,,,,Ecosystem,Upper Trophic,,,,,,,,,,,,,,,,-1,0
1980,Annual_Red_King_Crab_Catch_Distance_Shore_BBRKC_Fishery,NA,,,,,,Ecosystem,Upper Trophic,,,,,,,,,,,,,,,,1,0
1981,Annual_Red_King_Crab_Catch_Distance_Shore_BBRKC_Fishery,NA,,,,,,Ecosystem,Upper Trophic,,,,,,,,,,,,,,,,1,0
1982,Annual_Red_King_Crab_Catch_Distance_Shore_BBRKC_Fishery,NA,,,,,,Ecosystem,Upper Trophic,,,,,,,,,,,,,,,,1,0
1983,Annual_Red_King_Crab_Catch_Distance_Shore_BBRKC_Fishery,NA,,,,,,Ecosystem,Upper Trophic,,,,,,,,,,,,,,,,1,0
1984,Annual_Red_King_Crab_Catch_Distance_Shore_BBRKC_Fishery,NA,,,,,,Ecosystem,Upper Trophic,,,,,,,,,,,,,,,,1,0
1985,Annual_Red_King_Crab_Catch_Distance_Shore_BBRKC_Fishery,NA,,,,,,Ecosystem,Upper Trophic,,,,,,,,,,,,,,,,1,0
1986,Annual_Red_King_Crab_Catch_Distance_Shore_BBRKC_Fishery,NA,,,,,,Ecosystem,Upper Trophic,,,,,,,,,,,,,,,,1,0
1987,Annual_Red_King_Crab_Catch_Distance_Shore_BBRKC_Fishery,NA,,,,,,Ecosystem,Upper Trophic,,,,,,,,,,,,,,,,1,0
1988,Annual_Red_King_Crab_Catch_Distance_Shore_BBRKC_Fishery,NA,,,,,,Ecosystem,Upper Trophic,,,,,,,,,,,,,,,,1,0
1989,Annual_Red_King_Crab_Catch_Distance_Shore_BBRKC_Fishery,NA,,,,,,Ecosystem,Upper Trophic,,,,,,,,,,,,,,,,1,0
1990,Annual_Red_King_Crab_Catch_Distance_Shore_BBRKC_Fishery,NA,,,,,,Ecosystem,Upper Trophic,,,,,,,,,,,,,,,,1,0
1991,Annual_Red_King_Crab_Catch_Distance_Shore_BBRKC_Fishery,NA,,,,,,Ecosystem,Upper Trophic,,,,,,,,,,,,,,,,1,0
1992,Annual_Red_King_Crab_Catch_Distance_Shore_BBRKC_Fishery,NA,,,,,,Ecosystem,Upper Trophic,,,,,,,,,,,,,,,,1,0
1993,Annual_Red_King_Crab_Catch_Distance_Shore_BBRKC_Fishery,NA,,,,,,Ecosystem,Upper Trophic,,,,,,,,,,,,,,,,1,0
1994,Annual_Red_King_Crab_Catch_Distance_Shore_BBRKC_Fishery,NA,,,,,,Ecosystem,Upper Trophic,,,,,,,,,,,,,,,,1,0
1995,Annual_Red_King_Crab_Catch_Distance_Shore_BBRKC_Fishery,NA,,,,,,Ecosystem,Upper Trophic,,,,,,,,,,,,,,,,1,0
1996,Annual_Red_King_Crab_Catch_Distance_Shore_BBRKC_Fishery,NA,,,,,,Ecosystem,Upper Trophic,,,,,,,,,,,,,,,,1,0
1997,Annual_Red_King_Crab_Catch_Distance_Shore_BBRKC_Fishery,NA,,,,,,Ecosystem,Upper Trophic,,,,,,,,,,,,,,,,1,0
1998,Annual_Red_King_Crab_Catch_Distance_Shore_BBRKC_Fishery,NA,,,,,,Ecosystem,Upper Trophic,,,,,,,,,,,,,,,,1,0
1999,Annual_Red_King_Crab_Catch_Distance_Shore_BBRKC_Fishery,NA,,,,,,Ecosystem,Upper Trophic,,,,,,,,,,,,,,,,1,0
2000,Annual_Red_King_Crab_Catch_Distance_Shore_BBRKC_Fishery,109.73,,,,,,Ecosystem,Upper Trophic,,,,,,,,,,,,,,,,1,1
2001,Annual_Red_King_Crab_Catch_Distance_Shore_BBRKC_Fishery,100.87,,,,,,Ecosystem,Upper Trophic,,,,,,,,,,,,,,,,1,1
2002,Annual_Red_King_Crab_Catch_Distance_Shore_BBRKC_Fishery,97.53,,,,,,Ecosystem,Upper Trophic,,,,,,,,,,,,,,,,1,1
2003,Annual_Red_King_Crab_Catch_Distance_Shore_BBRKC_Fishery,109.21,,,,,,Ecosystem,Upper Trophic,,,,,,,,,,,,,,,,1,1
2004,Annual_Red_King_Crab_Catch_Distance_Shore_BBRKC_Fishery,125.11,,,,,,Ecosystem,Upper Trophic,,,,,,,,,,,,,,,,1,1
2005,Annual_Red_King_Crab_Catch_Distance_Shore_BBRKC_Fishery,112.13,,,,,,Ecosystem,Upper Trophic,,,,,,,,,,,,,,,,1,1
2006,Annual_Red_King_Crab_Catch_Distance_Shore_BBRKC_Fishery,157.52,,,,,,Ecosystem,Upper Trophic,,,,,,,,,,,,,,,,1,1
2007,Annual_Red_King_Crab_Catch_Distance_Shore_BBRKC_Fishery,115.09,,,,,,Ecosystem,Upper Trophic,,,,,,,,,,,,,,,,1,1
2008,Annual_Red_King_Crab_Catch_Distance_Shore_BBRKC_Fishery,74.98,,,,,,Ecosystem,Upper Trophic,,,,,,,,,,,,,,,,1,1
2009,Annual_Red_King_Crab_Catch_Distance_Shore_BBRKC_Fishery,76.68,,,,,,Ecosystem,Upper Trophic,,,,,,,,,,,,,,,,1,1
2010,Annual_Red_King_Crab_Catch_Distance_Shore_BBRKC_Fishery,91.99,,,,,,Ecosystem,Upper Trophic,,,,,,,,,,,,,,,,1,1
2011,Annual_Red_King_Crab_Catch_Distance_Shore_BBRKC_Fishery,81.83,,,,,,Ecosystem,Upper Trophic,,,,,,,,,,,,,,,,1,1
2012,Annual_Red_King_Crab_Catch_Distance_Shore_BBRKC_Fishery,67.24,,,,,,Ecosystem,Upper Trophic,,,,,,,,,,,,,,,,1,1
2013,Annual_Red_King_Crab_Catch_Distance_Shore_BBRKC_Fishery,76.31,,,,,,Ecosystem,Upper Trophic,,,,,,,,,,,,,,,,1,1
2014,Annual_Red_King_Crab_Catch_Distance_Shore_BBRKC_Fishery,87.45,,,,,,Ecosystem,Upper Trophic,,,,,,,,,,,,,,,,1,1
2015,Annual_Red_King_Crab_Catch_Distance_Shore_BBRKC_Fishery,98.16,,,,,,Ecosystem,Upper Trophic,,,,,,,,,,,,,,,,1,1
2016,Annual_Red_King_Crab_Catch_Distance_Shore_BBRKC_Fishery,115.01,,,,,,Ecosystem,Upper Trophic,,,,,,,,,,,,,,,,1,1
2017,Annual_Red_King_Crab_Catch_Distance_Shore_BBRKC_Fishery,97.4,,,,,,Ecosystem,Upper Trophic,,,,,,,,,,,,,,,,1,1
2018,Annual_Red_King_Crab_Catch_Distance_Shore_BBRKC_Fishery,106.33,,,,,,Ecosystem,Upper Trophic,,,,,,,,,,,,,,,,1,1
2019,Annual_Red_King_Crab_Catch_Distance_Shore_BBRKC_Fishery,123.47,,,,,,Ecosystem,Upper Trophic,,,,,,,,,,,,,,,,1,1
2020,Annual_Red_King_Crab_Catch_Distance_Shore_BBRKC_Fishery,102.2027537,,,,,,Ecosystem,Upper Trophic,,,,,,,,,,,,,,,,1,1
2021,Annual_Red_King_Crab_Catch_Distance_Shore_BBRKC_Fishery,NA,,,,,,Ecosystem,Upper Trophic,,,,,,,,,,,,,,,,1,0
1980,Summer_Red_King_Crab_Area_Occupied_Male_BBRKC_Survey,16441,,,,,,Ecosystem,Upper Trophic,,,,,,,,,,,,,,,,-1,0
1981,Summer_Red_King_Crab_Area_Occupied_Male_BBRKC_Survey,12030,,,,,,Ecosystem,Upper Trophic,,,,,,,,,,,,,,,,-1,0
1982,Summer_Red_King_Crab_Area_Occupied_Male_BBRKC_Survey,18045,,,,,,Ecosystem,Upper Trophic,,,,,,,,,,,,,,,,-1,0
1983,Summer_Red_King_Crab_Area_Occupied_Male_BBRKC_Survey,20451,,,,,,Ecosystem,Upper Trophic,,,,,,,,,,,,,,,,-1,0
1984,Summer_Red_King_Crab_Area_Occupied_Male_BBRKC_Survey,13634,,,,,,Ecosystem,Upper Trophic,,,,,,,,,,,,,,,,-1,0
1985,Summer_Red_King_Crab_Area_Occupied_Male_BBRKC_Survey,17243,,,,,,Ecosystem,Upper Trophic,,,,,,,,,,,,,,,,-1,0
1986,Summer_Red_King_Crab_Area_Occupied_Male_BBRKC_Survey,10827,,,,,,Ecosystem,Upper Trophic,,,,,,,,,,,,,,,,-1,0
1987,Summer_Red_King_Crab_Area_Occupied_Male_BBRKC_Survey,16842,,,,,,Ecosystem,Upper Trophic,,,,,,,,,,,,,,,,-1,0
1988,Summer_Red_King_Crab_Area_Occupied_Male_BBRKC_Survey,17644,,,,,,Ecosystem,Upper Trophic,,,,,,,,,,,,,,,,-1,0
1989,Summer_Red_King_Crab_Area_Occupied_Male_BBRKC_Survey,17243,,,,,,Ecosystem,Upper Trophic,,,,,,,,,,,,,,,,-1,0
1990,Summer_Red_King_Crab_Area_Occupied_Male_BBRKC_Survey,16842,,,,,,Ecosystem,Upper Trophic,,,,,,,,,,,,,,,,-1,0
1991,Summer_Red_King_Crab_Area_Occupied_Male_BBRKC_Survey,10426,,,,,,Ecosystem,Upper Trophic,,,,,,,,,,,,,,,,-1,0
1992,Summer_Red_King_Crab_Area_Occupied_Male_BBRKC_Survey,14035,,,,,,Ecosystem,Upper Trophic,,,,,,,,,,,,,,,,-1,0
1993,Summer_Red_King_Crab_Area_Occupied_Male_BBRKC_Survey,13233,,,,,,Ecosystem,Upper Trophic,,,,,,,,,,,,,,,,-1,0
1994,Summer_Red_King_Crab_Area_Occupied_Male_BBRKC_Survey,12030,,,,,,Ecosystem,Upper Trophic,,,,,,,,,,,,,,,,-1,0
1995,Summer_Red_King_Crab_Area_Occupied_Male_BBRKC_Survey,11228,,,,,,Ecosystem,Upper Trophic,,,,,,,,,,,,,,,,-1,0
1996,Summer_Red_King_Crab_Area_Occupied_Male_BBRKC_Survey,14035,,,,,,Ecosystem,Upper Trophic,,,,,,,,,,,,,,,,-1,0
1997,Summer_Red_King_Crab_Area_Occupied_Male_BBRKC_Survey,14035,,,,,,Ecosystem,Upper Trophic,,,,,,,,,,,,,,,,-1,0
1998,Summer_Red_King_Crab_Area_Occupied_Male_BBRKC_Survey,14837,,,,,,Ecosystem,Upper Trophic,,,,,,,,,,,,,,,,-1,0
1999,Summer_Red_King_Crab_Area_Occupied_Male_BBRKC_Survey,11228,,,,,,Ecosystem,Upper Trophic,,,,,,,,,,,,,,,,-1,0
2000,Summer_Red_King_Crab_Area_Occupied_Male_BBRKC_Survey,16441,,,,,,Ecosystem,Upper Trophic,,,,,,,,,,,,,,,,-1,0
2001,Summer_Red_King_Crab_Area_Occupied_Male_BBRKC_Survey,16842,,,,,,Ecosystem,Upper Trophic,,,,,,,,,,,,,,,,-1,0
2002,Summer_Red_King_Crab_Area_Occupied_Male_BBRKC_Survey,14035,,,,,,Ecosystem,Upper Trophic,,,,,,,,,,,,,,,,-1,0
2003,Summer_Red_King_Crab_Area_Occupied_Male_BBRKC_Survey,14837,,,,,,Ecosystem,Upper Trophic,,,,,,,,,,,,,,,,-1,0
2004,Summer_Red_King_Crab_Area_Occupied_Male_BBRKC_Survey,12431,,,,,,Ecosystem,Upper Trophic,,,,,,,,,,,,,,,,-1,0
2005,Summer_Red_King_Crab_Area_Occupied_Male_BBRKC_Survey,15639,,,,,,Ecosystem,Upper Trophic,,,,,,,,,,,,,,,,-1,0
2006,Summer_Red_King_Crab_Area_Occupied_Male_BBRKC_Survey,16842,,,,,,Ecosystem,Upper Trophic,,,,,,,,,,,,,,,,-1,0
2007,Summer_Red_King_Crab_Area_Occupied_Male_BBRKC_Survey,17243,,,,,,Ecosystem,Upper Trophic,,,,,,,,,,,,,,,,-1,0
2008,Summer_Red_King_Crab_Area_Occupied_Male_BBRKC_Survey,15639,,,,,,Ecosystem,Upper Trophic,,,,,,,,,,,,,,,,-1,0
2009,Summer_Red_King_Crab_Area_Occupied_Male_BBRKC_Survey,12030,,,,,,Ecosystem,Upper Trophic,,,,,,,,,,,,,,,,-1,0
2010,Summer_Red_King_Crab_Area_Occupied_Male_BBRKC_Survey,12431,,,,,,Ecosystem,Upper Trophic,,,,,,,,,,,,,,,,-1,0
2011,Summer_Red_King_Crab_Area_Occupied_Male_BBRKC_Survey,13634,,,,,,Ecosystem,Upper Trophic,,,,,,,,,,,,,,,,-1,0
2012,Summer_Red_King_Crab_Area_Occupied_Male_BBRKC_Survey,14837,,,,,,Ecosystem,Upper Trophic,,,,,,,,,,,,,,,,-1,0
2013,Summer_Red_King_Crab_Area_Occupied_Male_BBRKC_Survey,12431,,,,,,Ecosystem,Upper Trophic,,,,,,,,,,,,,,,,-1,0
2014,Summer_Red_King_Crab_Area_Occupied_Male_BBRKC_Survey,14837,,,,,,Ecosystem,Upper Trophic,,,,,,,,,,,,,,,,-1,0
2015,Summer_Red_King_Crab_Area_Occupied_Male_BBRKC_Survey,15639,,,,,,Ecosystem,Upper Trophic,,,,,,,,,,,,,,,,-1,0
2016,Summer_Red_King_Crab_Area_Occupied_Male_BBRKC_Survey,18446,,,,,,Ecosystem,Upper Trophic,,,,,,,,,,,,,,,,-1,0
2017,Summer_Red_King_Crab_Area_Occupied_Male_BBRKC_Survey,20451,,,,,,Ecosystem,Upper Trophic,,,,,,,,,,,,,,,,-1,0
2018,Summer_Red_King_Crab_Area_Occupied_Male_BBRKC_Survey,19248,,,,,,Ecosystem,Upper Trophic,,,,,,,,,,,,,,,,-1,0
2019,Summer_Red_King_Crab_Area_Occupied_Male_BBRKC_Survey,18045,,,,,,Ecosystem,Upper Trophic,,,,,,,,,,,,,,,,-1,0
2020,Summer_Red_King_Crab_Area_Occupied_Male_BBRKC_Survey,NA,,,,,,Ecosystem,Upper Trophic,,,,,,,,,,,,,,,,-1,0
2021,Summer_Red_King_Crab_Area_Occupied_Male_BBRKC_Survey,16441,,,,,,Ecosystem,Upper Trophic,,,,,,,,,,,,,,,,-1,0
1980,Summer_Red_King_Crab_Area_Occupied_Female_BBRKC_Survey,10827,,,,,,Ecosystem,Upper Trophic,,,,,,,,,,,,,,,,-1,0
1981,Summer_Red_King_Crab_Area_Occupied_Female_BBRKC_Survey,9223,,,,,,Ecosystem,Upper Trophic,,,,,,,,,,,,,,,,-1,-1
1982,Summer_Red_King_Crab_Area_Occupied_Female_BBRKC_Survey,16441,,,,,,Ecosystem,Upper Trophic,,,,,,,,,,,,,,,,-1,0
1983,Summer_Red_King_Crab_Area_Occupied_Female_BBRKC_Survey,14837,,,,,,Ecosystem,Upper Trophic,,,,,,,,,,,,,,,,-1,0
1984,Summer_Red_King_Crab_Area_Occupied_Female_BBRKC_Survey,5614,,,,,,Ecosystem,Upper Trophic,,,,,,,,,,,,,,,,-1,-1
1985,Summer_Red_King_Crab_Area_Occupied_Female_BBRKC_Survey,10827,,,,,,Ecosystem,Upper Trophic,,,,,,,,,,,,,,,,-1,0
1986,Summer_Red_King_Crab_Area_Occupied_Female_BBRKC_Survey,10025,,,,,,Ecosystem,Upper Trophic,,,,,,,,,,,,,,,,-1,0
1987,Summer_Red_King_Crab_Area_Occupied_Female_BBRKC_Survey,9223,,,,,,Ecosystem,Upper Trophic,,,,,,,,,,,,,,,,-1,-1
1988,Summer_Red_King_Crab_Area_Occupied_Female_BBRKC_Survey,7218,,,,,,Ecosystem,Upper Trophic,,,,,,,,,,,,,,,,-1,-1
1989,Summer_Red_King_Crab_Area_Occupied_Female_BBRKC_Survey,10426,,,,,,Ecosystem,Upper Trophic,,,,,,,,,,,,,,,,-1,0
1990,Summer_Red_King_Crab_Area_Occupied_Female_BBRKC_Survey,8421,,,,,,Ecosystem,Upper Trophic,,,,,,,,,,,,,,,,-1,-1
1991,Summer_Red_King_Crab_Area_Occupied_Female_BBRKC_Survey,7619,,,,,,Ecosystem,Upper Trophic,,,,,,,,,,,,,,,,-1,-1
1992,Summer_Red_King_Crab_Area_Occupied_Female_BBRKC_Survey,8822,,,,,,Ecosystem,Upper Trophic,,,,,,,,,,,,,,,,-1,-1
1993,Summer_Red_King_Crab_Area_Occupied_Female_BBRKC_Survey,8822,,,,,,Ecosystem,Upper Trophic,,,,,,,,,,,,,,,,-1,-1
1994,Summer_Red_King_Crab_Area_Occupied_Female_BBRKC_Survey,9223,,,,,,Ecosystem,Upper Trophic,,,,,,,,,,,,,,,,-1,-1
1995,Summer_Red_King_Crab_Area_Occupied_Female_BBRKC_Survey,8822,,,,,,Ecosystem,Upper Trophic,,,,,,,,,,,,,,,,-1,-1
1996,Summer_Red_King_Crab_Area_Occupied_Female_BBRKC_Survey,7619,,,,,,Ecosystem,Upper Trophic,,,,,,,,,,,,,,,,-1,-1
1997,Summer_Red_King_Crab_Area_Occupied_Female_BBRKC_Survey,8421,,,,,,Ecosystem,Upper Trophic,,,,,,,,,,,,,,,,-1,-1
1998,Summer_Red_King_Crab_Area_Occupied_Female_BBRKC_Survey,8822,,,,,,Ecosystem,Upper Trophic,,,,,,,,,,,,,,,,-1,-1
1999,Summer_Red_King_Crab_Area_Occupied_Female_BBRKC_Survey,8020,,,,,,Ecosystem,Upper Trophic,,,,,,,,,,,,,,,,-1,-1
2000,Summer_Red_King_Crab_Area_Occupied_Female_BBRKC_Survey,11629,,,,,,Ecosystem,Upper Trophic,,,,,,,,,,,,,,,,-1,0
2001,Summer_Red_King_Crab_Area_Occupied_Female_BBRKC_Survey,9624,,,,,,Ecosystem,Upper Trophic,,,,,,,,,,,,,,,,-1,-1
2002,Summer_Red_King_Crab_Area_Occupied_Female_BBRKC_Survey,10827,,,,,,Ecosystem,Upper Trophic,,,,,,,,,,,,,,,,-1,0
2003,Summer_Red_King_Crab_Area_Occupied_Female_BBRKC_Survey,10827,,,,,,Ecosystem,Upper Trophic,,,,,,,,,,,,,,,,-1,0
2004,Summer_Red_King_Crab_Area_Occupied_Female_BBRKC_Survey,9223,,,,,,Ecosystem,Upper Trophic,,,,,,,,,,,,,,,,-1,-1
2005,Summer_Red_King_Crab_Area_Occupied_Female_BBRKC_Survey,10025,,,,,,Ecosystem,Upper Trophic,,,,,,,,,,,,,,,,-1,0
2006,Summer_Red_King_Crab_Area_Occupied_Female_BBRKC_Survey,13634,,,,,,Ecosystem,Upper Trophic,,,,,,,,,,,,,,,,-1,0
2007,Summer_Red_King_Crab_Area_Occupied_Female_BBRKC_Survey,12832,,,,,,Ecosystem,Upper Trophic,,,,,,,,,,,,,,,,-1,0
2008,Summer_Red_King_Crab_Area_Occupied_Female_BBRKC_Survey,13233,,,,,,Ecosystem,Upper Trophic,,,,,,,,,,,,,,,,-1,0
2009,Summer_Red_King_Crab_Area_Occupied_Female_BBRKC_Survey,11629,,,,,,Ecosystem,Upper Trophic,,,,,,,,,,,,,,,,-1,0
2010,Summer_Red_King_Crab_Area_Occupied_Female_BBRKC_Survey,9624,,,,,,Ecosystem,Upper Trophic,,,,,,,,,,,,,,,,-1,-1
2011,Summer_Red_King_Crab_Area_Occupied_Female_BBRKC_Survey,11629,,,,,,Ecosystem,Upper Trophic,,,,,,,,,,,,,,,,-1,0
2012,Summer_Red_King_Crab_Area_Occupied_Female_BBRKC_Survey,9624,,,,,,Ecosystem,Upper Trophic,,,,,,,,,,,,,,,,-1,-1
2013,Summer_Red_King_Crab_Area_Occupied_Female_BBRKC_Survey,6817,,,,,,Ecosystem,Upper Trophic,,,,,,,,,,,,,,,,-1,-1
2014,Summer_Red_King_Crab_Area_Occupied_Female_BBRKC_Survey,8822,,,,,,Ecosystem,Upper Trophic,,,,,,,,,,,,,,,,-1,-1
2015,Summer_Red_King_Crab_Area_Occupied_Female_BBRKC_Survey,10025,,,,,,Ecosystem,Upper Trophic,,,,,,,,,,,,,,,,-1,0
2016,Summer_Red_King_Crab_Area_Occupied_Female_BBRKC_Survey,12030,,,,,,Ecosystem,Upper Trophic,,,,,,,,,,,,,,,,-1,0
2017,Summer_Red_King_Crab_Area_Occupied_Female_BBRKC_Survey,13634,,,,,,Ecosystem,Upper Trophic,,,,,,,,,,,,,,,,-1,0
2018,Summer_Red_King_Crab_Area_Occupied_Female_BBRKC_Survey,10827,,,,,,Ecosystem,Upper Trophic,,,,,,,,,,,,,,,,-1,0
2019,Summer_Red_King_Crab_Area_Occupied_Female_BBRKC_Survey,15639,,,,,,Ecosystem,Upper Trophic,,,,,,,,,,,,,,,,-1,0
2020,Summer_Red_King_Crab_Area_Occupied_Female_BBRKC_Survey,NA,,,,,,Ecosystem,Upper Trophic,,,,,,,,,,,,,,,,-1,0
2021,Summer_Red_King_Crab_Area_Occupied_Female_BBRKC_Survey,14436,,,,,,Ecosystem,Upper Trophic,,,,,,,,,,,,,,,,-1,0
1980,Winter_Spring_Arctic_Oscillation_Index_Model,-1.477666667,,,,,,Ecosystem,Physical,,,,,,,,,,,,,,,,1,-1
1981,Winter_Spring_Arctic_Oscillation_Index_Model,-0.697666667,,,,,,Ecosystem,Physical,,,,,,,,,,,,,,,,1,0
1982,Winter_Spring_Arctic_Oscillation_Index_Model,0.388333333,,,,,,Ecosystem,Physical,,,,,,,,,,,,,,,,1,0
1983,Winter_Spring_Arctic_Oscillation_Index_Model,-0.338,,,,,,Ecosystem,Physical,,,,,,,,,,,,,,,,1,0
1984,Winter_Spring_Arctic_Oscillation_Index_Model,-0.594666667,,,,,,Ecosystem,Physical,,,,,,,,,,,,,,,,1,0
1985,Winter_Spring_Arctic_Oscillation_Index_Model,-1.231666667,,,,,,Ecosystem,Physical,,,,,,,,,,,,,,,,1,-1
1986,Winter_Spring_Arctic_Oscillation_Index_Model,-0.513666667,,,,,,Ecosystem,Physical,,,,,,,,,,,,,,,,1,0
1987,Winter_Spring_Arctic_Oscillation_Index_Model,-1.455666667,,,,,,Ecosystem,Physical,,,,,,,,,,,,,,,,1,-1
1988,Winter_Spring_Arctic_Oscillation_Index_Model,-0.332666667,,,,,,Ecosystem,Physical,,,,,,,,,,,,,,,,1,0
1989,Winter_Spring_Arctic_Oscillation_Index_Model,2.638333333,,,,,,Ecosystem,Physical,,,,,,,,,,,,,,,,1,1
1990,Winter_Spring_Arctic_Oscillation_Index_Model,2.464333333,,,,,,Ecosystem,Physical,,,,,,,,,,,,,,,,1,1
1991,Winter_Spring_Arctic_Oscillation_Index_Model,-0.226666667,,,,,,Ecosystem,Physical,,,,,,,,,,,,,,,,1,0
1992,Winter_Spring_Arctic_Oscillation_Index_Model,0.885333333,,,,,,Ecosystem,Physical,,,,,,,,,,,,,,,,1,0
1993,Winter_Spring_Arctic_Oscillation_Index_Model,1.481,,,,,,Ecosystem,Physical,,,,,,,,,,,,,,,,1,1
1994,Winter_Spring_Arctic_Oscillation_Index_Model,0.243666667,,,,,,Ecosystem,Physical,,,,,,,,,,,,,,,,1,0
1995,Winter_Spring_Arctic_Oscillation_Index_Model,0.556,,,,,,Ecosystem,Physical,,,,,,,,,,,,,,,,1,0
1996,Winter_Spring_Arctic_Oscillation_Index_Model,-0.84,,,,,,Ecosystem,Physical,,,,,,,,,,,,,,,,1,0
1997,Winter_Spring_Arctic_Oscillation_Index_Model,0.841,,,,,,Ecosystem,Physical,,,,,,,,,,,,,,,,1,0
1998,Winter_Spring_Arctic_Oscillation_Index_Model,-0.839333333,,,,,,Ecosystem,Physical,,,,,,,,,,,,,,,,1,0
1999,Winter_Spring_Arctic_Oscillation_Index_Model,-0.3,,,,,,Ecosystem,Physical,,,,,,,,,,,,,,,,1,0
2000,Winter_Spring_Arctic_Oscillation_Index_Model,0.631666667,,,,,,Ecosystem,Physical,,,,,,,,,,,,,,,,1,0
2001,Winter_Spring_Arctic_Oscillation_Index_Model,-1.089333333,,,,,,Ecosystem,Physical,,,,,,,,,,,,,,,,1,-1
2002,Winter_Spring_Arctic_Oscillation_Index_Model,1.195666667,,,,,,Ecosystem,Physical,,,,,,,,,,,,,,,,1,1
2003,Winter_Spring_Arctic_Oscillation_Index_Model,0.196333333,,,,,,Ecosystem,Physical,,,,,,,,,,,,,,,,1,0
2004,Winter_Spring_Arctic_Oscillation_Index_Model,-0.965333333,,,,,,Ecosystem,Physical,,,,,,,,,,,,,,,,1,0
2005,Winter_Spring_Arctic_Oscillation_Index_Model,-0.754333333,,,,,,Ecosystem,Physical,,,,,,,,,,,,,,,,1,0
2006,Winter_Spring_Arctic_Oscillation_Index_Model,-0.643333333,,,,,,Ecosystem,Physical,,,,,,,,,,,,,,,,1,0
2007,Winter_Spring_Arctic_Oscillation_Index_Model,0.636333333,,,,,,Ecosystem,Physical,,,,,,,,,,,,,,,,1,0
2008,Winter_Spring_Arctic_Oscillation_Index_Model,0.781,,,,,,Ecosystem,Physical,,,,,,,,,,,,,,,,1,0
2009,Winter_Spring_Arctic_Oscillation_Index_Model,0.083,,,,,,Ecosystem,Physical,,,,,,,,,,,,,,,,1,0
2010,Winter_Spring_Arctic_Oscillation_Index_Model,-2.428333333,,,,,,Ecosystem,Physical,,,,,,,,,,,,,,,,1,-1
2011,Winter_Spring_Arctic_Oscillation_Index_Model,0.438666667,,,,,,Ecosystem,Physical,,,,,,,,,,,,,,,,1,0
2012,Winter_Spring_Arctic_Oscillation_Index_Model,0.260333333,,,,,,Ecosystem,Physical,,,,,,,,,,,,,,,,1,0
2013,Winter_Spring_Arctic_Oscillation_Index_Model,-1.600666667,,,,,,Ecosystem,Physical,,,,,,,,,,,,,,,,1,-1
2014,Winter_Spring_Arctic_Oscillation_Index_Model,0.093666667,,,,,,Ecosystem,Physical,,,,,,,,,,,,,,,,1,0
2015,Winter_Spring_Arctic_Oscillation_Index_Model,1.324,,,,,,Ecosystem,Physical,,,,,,,,,,,,,,,,1,1
2016,Winter_Spring_Arctic_Oscillation_Index_Model,-0.397666667,,,,,,Ecosystem,Physical,,,,,,,,,,,,,,,,1,0
2017,Winter_Spring_Arctic_Oscillation_Index_Model,0.882333333,,,,,,Ecosystem,Physical,,,,,,,,,,,,,,,,1,0
2018,Winter_Spring_Arctic_Oscillation_Index_Model,-0.369666667,,,,,,Ecosystem,Physical,,,,,,,,,,,,,,,,1,0
2019,Winter_Spring_Arctic_Oscillation_Index_Model,0.850666667,,,,,,Ecosystem,Physical,,,,,,,,,,,,,,,,1,0
2020,Winter_Spring_Arctic_Oscillation_Index_Model,2.825666667,,,,,,Ecosystem,Physical,,,,,,,,,,,,,,,,1,1
2021,Winter_Spring_Arctic_Oscillation_Index_Model,-0.522,,,,,,Ecosystem,Physical,,,,,,,,,,,,,,,,1,0