SOURCE_TARGET_NAME,PRODUCT,REPORT_CARD_TITLE,Intended ESP,SUBMISSION_YEAR,GATE1_YEAR,GATE2_YEAR,REMOVED_YEAR,SIGN,WEIGHT,ORDER,ORDER2
ANN_HEATWAVE_GOA,Annual_Heatwave_GOA_Model,Annual marine heatwave cumulative index over the central GOA,Alaska Sablefish,2019,2019,NA,NA,1,1,1,1
SPR_SST_EGOA,Spring_Temperature_Surface_EGOA_Satellite,Late spring (May-June) daily sea surface temperatures (SST) for the eastern GOA from the NOAA Coral Reef Watch Program,Alaska Sablefish,2020,2020,NA,NA,1,1,2,2
SPR_SST_SEBS,Spring_Temperature_Surface_SEBS_Satellite,Late spring (May-June) daily sea surface temperatures (SST) for the southeastern Bering Sea from the NOAA Coral Reef Watch Program,Alaska Sablefish,2020,2020,NA,NA,1,1,3,3
SUM_250M_TEMP_GOA,Summer_Temperature_250m_GOA_Survey,Summer temperature anomalies at 250 m isobath during the AFSC annual longline survey,Alaska Sablefish,2019,2019,NA,NA,-1,1,4,4
SPR_CHLORO_BIOM_EGOA,Spring_Chlorophylla_Biomass_EGOA_Satellite,Derived chlorophyll a concentration during spring seasonal peak (May) in the eastern GOA from the MODIS satellite,Alaska Sablefish,2019,2019,NA,NA,1,1,5,5
SPR_CHLORO_BIOM_SEBS_S,Spring_Chlorophylla_Biomass_SEBS_Satellite,Derived chlorophyll a concentration during spring seasonal peak (May) in the southeastern Bering Sea from the MODIS satellite,Alaska Sablefish,2019,2019,NA,NA,1,1,6,6
SPR_CHLORO_EGOA,Spring_Chlorophylla_Peak_EGOA_Satellite,Peak timing of the spring bloom averaged across individual ADF&G statistical areas in the eastern GOA region from the MODIS satellite ,Alaska Sablefish,2020,2020,NA,NA,-1,1,7,7
SPR_CHLORO_SEBS_S,Spring_Chlorophylla_Peak_SEBS_Satellite,Peak timing of the spring bloom averaged across individual ADF&G statistical areas in the southeastern Bering Sea from the MODIS satellite,Alaska Sablefish,2020,2020,NA,NA,-1,1,8,8
ANN_COPEPOD_EGOA,Annual_Copepod_Community_Size_EGOA_Survey,Abundance of copepod community size from the continuous plankton recorder (CPR) for the offshore eastern GOA,Alaska Sablefish,2020,2020,NA,NA,1,1,9,9
ANN_COPEPOD_WGOA,Annual_Copepod_Community_Size_WGOA_Survey,Abundance of copepod community size from the continuous plankton recorder (CPR) for the offshore western GOA,Alaska Sablefish,2020,2020,NA,NA,1,1,10,10
SUM_EUPH_ABUND_KOD,Summer_Euphausiid_Abundance_Kodiak_Survey,Summer euphausiid abundance for the Kodiak core survey area from the AFSC acoustic survey ,Alaska Sablefish,2019,2019,NA,NA,1,1,11,11
ANN_SABL_GROWTH_YOY,Annual_Sablefish_Growth_YOY_Middleton_Survey,Age-0 sablefish growth rate from auklet diets in Middleton Island ,Alaska Sablefish,2017,2017,NA,NA,1,1,12,12
SUM_SABL_CPUE_GOAAI,Summer_Sablefish_CPUE_Juvenile_Nearshore_GOAAI_Survey,Sablefish catch-per-unit-effort (CPUE) and lengths from the ADF&G large mesh bottom trawl survey of crab and groundfish,Alaska Sablefish,2017,2017,NA,NA,1,1,13,13
SUM_SABL_CPUE_JUV_GOA,Summer_Sablefish_CPUE_Juvenile_GOA_Survey,"Catch-per-unit-of-effort (CPUE) of juvenile sablefish (<400 mm, likely age-1) collected on summer AFSC bottom-trawl surveys",Alaska Sablefish,2019,2019,NA,NA,1,1,14,14
ANN_SABL_MEAN_AGE_FEM_ADULT,Annual_Sablefish_Mean_Age_Female_Adult_Model,Mean age of sablefish female spawning stock biomass from the most recent sablefish stock assessment model,Alaska Sablefish,2019,2019,NA,NA,1,1,15,15
ANN_SABL_AGE_EVEN_FEM_ADULT,Annual_Sablefish_Age_Evenness_Female_Adult_Model,Measure of evenness or concentration of age composition by cohort of female sablefish from the most recent sablefish stock assessment model ,Alaska Sablefish,2019,2019,NA,NA,1,1,16,16
SUM_SABL_COND_FEM_AGE4_GOA,Summer_Sablefish_Condition_Female_Age4_GOA_Survey,"Summer sablefish condition for age-4, immature female sablefish from the GOA AFSC longline survey",Alaska Sablefish,2018,2018,NA,NA,1,1,17,17
ANN_ARTH_BIOM_GOA,Annual_Arrowtooth_Biomass_GOA_Model,Arrowtooth flounder total biomass from the most recent stock assessment model in the GOA,Alaska Sablefish,2019,2019,NA,NA,-1,1,18,18
ANN_SABL_INC_ARTH_GOA,Annual_Sablefish_Incidental_Catch_Arrowtooth_Target_GOA_Fishery,Incidental catch of sablefish in the GOA arrowtooth flounder fishery,Alaska Sablefish,2019,2019,NA,NA,-1,1,19,19
SUM_SABL_COND_FEM_ADULT_GOA,Summer_Sablefish_Condition_Female_Adult_GOA_Survey,Summer sablefish condition for large adult (>=750 mm) female sablefish from the GOA AFSC longline survey,Alaska Sablefish,2019,2019,NA,NA,1,1,20,20
ANN_SABL_LGL_CPUE_GOA,Annual_Sablefish_Longline_CPUE_GOA_Fishery,Catch-per-unit-of-effort of sablefish from the longline fisheries in the GOA,Alaska Sablefish,2019,2019,NA,NA,1,1,21,21
ANN_SABL_POT_CPUE_EBS,Annual_Sablefish_Pot_CPUE_EBS_Fishery,Catch per unit of effort of sablefish estimated from the pot fisheries in the eastern Bering Sea,Alaska Sablefish,2019,2019,NA,NA,1,1,22,22
ANN_SABL_INC_GOA,Annual_Sablefish_Incidental_Catch_GOA_Fishery,Incidental catch estimates of sablefish in the GOA fisheries excluding the sablefish fishery ,Alaska Sablefish,2019,2019,NA,NA,-1,1,23,23
ANN_SABL_INC_BSAI,Annual_Sablefish_Incidental_Catch_BSAI_Fishery,Incidental catch estimates of sablefish in the Bering Sea fisheries excluding the sablefish fishery,Alaska Sablefish,2019,2019,NA,NA,-1,1,24,24
ANN_SABL_COND_FEM_ADULT_GOA,Annual_Sablefish_Condition_Female_Adult_GOA_Fishery,Sablefish condition for large (>= 750 mm) female sablefish from data collected randomly by observers in the GOA fisheries,Alaska Sablefish,2019,2019,NA,NA,1,1,25,25
ANN_SABL_COND_FEM_ADULT_BSAI,Annual_Sablefish_Condition_Female_Adult_BSAI_Fishery,Sablefish condition for large (>= 750 mm) female sablefish from data collected randomly by observers in the BSAI fisheries,Alaska Sablefish,2019,2019,NA,NA,1,1,26,26
ANN_SABL_EXVES_VAL,Annual_Sablefish_Real_Exvessel_Value_Fishery,Annual estimated real ex-vessel value of sablefish,Alaska Sablefish,2018,2018,NA,NA,1,1,27,27
ANN_SABL_EXVES_PRC,Annual_Sablefish_Real_Exvessel_Price_Fishery,Average real ex-vessel price per pound of sablefish from fish ticket information,Alaska Sablefish,2019,2019,NA,NA,1,1,28,28
ANN_RKCR_CPUE_BBRKC,Annual_Red_King_Crab_Potlift_CPUE_BBRKC_Fishery,Annual catch-per-unit-effort (CPUE) (expressed as mean number of crabs per potlift) in the Bristol Bay red king crab fishery,Bristol Bay Red King Crab,2020,2020,NA,NA,1,1,29,1
ANN_RKCR_CATCH_DFS_BBRKC,Annual_Red_King_Crab_Catch_Distance_Shore_BBRKC_Fishery,Annual male red king crab catch distance from shore in Bristol Bay during the fishery ,Bristol Bay Red King Crab,2020,2020,NA,NA,1,1,30,2
ANN_RKCR_VESS_COUNT_BBRKC,Annual_Red_King_Crab_Active_Vessels_BBRKC_Fishery,Annual number of active vessels in the Bristol Bay red king crab fishery,Bristol Bay Red King Crab,2020,2020,NA,NA,1,1,31,3
ANN_RKCR_EXVES_PRC_BBRKC,Annual_Red_King_Crab_Exvessel_Price_BBRKC_Fishery,Annual red king crab ex-vessel price per pound of the Bristol Bay red king crab fishery,Bristol Bay Red King Crab,2020,2020,NA,NA,1,1,32,4
ANN_RKCR_EXVES_REVSHR_BBRKC,Annual_Red_King_Crab_Exvessel_Revenue_Share_BBRKC_Fishery,Annual red king crab ex-vessel revenue share (expressed as percent of total ex-vessel revenue) of the Bristol Bay red king crab fishery,Bristol Bay Red King Crab,2020,2020,NA,NA,1,1,33,5
ANN_RKCR_EXVES_VAL_BBRKC,Annual_Red_King_Crab_Exvessel_Value_BBRKC_Fishery,Annual red king crab ex-vessel value of the Bristol Bay red king crab fishery landings,Bristol Bay Red King Crab,2020,2020,NA,NA,1,1,34,6
ANN_RKCR_BIOM_BBRKC,Annual_Red_King_Crab_Recruit_Biomass_BBRKC_Model,Annual red king crab recruit biomass (110-134 mm CL) in Bristol Bay from the AFSC eastern Bering Sea bottom trawl survey,Bristol Bay Red King Crab,2020,2020,NA,NA,1,1,35,7
ANN_RKCR_TOTAL_BBRKC,Annual_Red_King_Crab_Total_Potlift_BBRKC_Fishery,Annual total potlifts in the Bristol Bay red king crab fishery,Bristol Bay Red King Crab,2020,2020,NA,NA,1,1,36,8
ANN_RKCR_EMPL_BBRKC,Annual_Processing_Employment_BBRKC_Fishery,Crab processing employment generated in the Bristol Bay red king crab fishery,Bristol Bay Red King Crab,2020,2020,NA,2021,1,1,37,9
SPR_CHLORO_BIOM_SEBS_IS,Spring_Chlorophylla_Biomass_SEBS_Inner_Shelf_Satellite,Derived chlorophyll a concentration during spring in the southeastern Bering Sea inner shelf from the MODIS satellite,Bristol Bay Red King Crab,2020,2020,NA,NA,1,1,38,10
ANN_RKCR_INC_EBS,Annual_Red_King_Crab_Incidental_Catch_EBS_Fishery,Incidental catch biomass estimates of male Bristol Bay red king crab (tons) in trawl and fixed gear fisheries,Bristol Bay Red King Crab,2020,2020,NA,2021,1,1,39,11
ANN_BKCR_LOCQE_PROC_DUT,Annual_BBRKC_Local_Quotient_Processing_Revenue_Dutch_Harbor_Fishery,Local quotient of Bristol Bay red king crab landed catch in Dutch Harbor,Bristol Bay Red King Crab,2020,2020,NA,2021,1,1,40,12
ANN_RKCR_TAC_UTIL_BBRKC,Annual_Red_King_Crab_TAC_Utilization_BBRKC_Fishery,Percentage of annual Bristol Bay red king crab total allowable catch that was harvested by active vessels,Bristol Bay Red King Crab,2020,2020,NA,2021,1,1,41,13
SUM_SOCK_ABUND_EBS,Summer_Sockeye_Salmon_Abundance_EBS_Survey,September juvenile sockeye salmon abundance in the EBS from the AFSC Bering Arctic Subarctic Integrated Survey,Bristol Bay Red King Crab,2020,2020,NA,NA,-1,1,42,14
SPR_COROSION_BBRKC,Spring_Corrosivity_Index_BBRKC_Model,Spring aragonite index in Bristol Bay crab management area from the Bering10K ROMS-NPZ model,Bristol Bay Red King Crab,2020,2020,NA,NA,1,1,43,15
SPR_PH_BBRKC,Spring_pH_BBRKC_Model,Spring pH index in Bristol Bay crab management area from the Bering10K ROMS-NPZ model,Bristol Bay Red King Crab,2021,2021,NA,NA,1,1,44,16
SUM_BENINV_BIOM_BBRKC,Summer_Benthic_Invertebrate_Biomass_BBRKC_Survey,Summer benthic invertebrate biomass in Bristol Bay from the AFSC EBS bottom trawl survey,Bristol Bay Red King Crab,2020,2020,NA,NA,1,1,45,17
SUM_BTM_TEMP_BBRKC_SURVEY,Summer_Temperature_Bottom_BBRKC_Survey,Summer bottom temperatures in the BBRKC management area from the AFSC EBS bottom trawl survey,Bristol Bay Red King Crab,2021,2021,NA,NA,1,1,46,18
SUM_COLD_POOL_SEBS_BBRKC_MOD,Summer_Cold_Pool_SEBS_BBRKC_Model,Summer cold pool estimated from the Bering10K ROMS-NPZ model for the Bristol Bay crab management area,Bristol Bay Red King Crab,2020,2020,NA,2021,1,1,47,19
SUM_COLD_POOL_SEBS_BBRKC,Summer_Cold_Pool_SEBS_BBRKC_Survey,Summer cold pool extent (nmi) in Bristol Bay from the AFSC eastern Bering Sea bottom trawl survey,Bristol Bay Red King Crab,2021,2021,NA,NA,-1,1,48,20
SUM_RKC_FEM_AREA_OCC_BBRKC,Summer_Red_King_Crab_Female_Area_Occupied_BBRKC_Model,Summer mature female red king crab area occupied in Bristol Bay from the AFSC eastern Bering Sea bottom trawl survey,Bristol Bay Red King Crab,2020,2020,NA,NA,-1,1,49,21
SUM_RKC_AREA_OCC_BBRKC,Summer_Red_King_Crab_Male_Area_Occupied_BBRKC_Model,Summer mature male red king crab area occupied in Bristol Bay from the AFSC EBS bottom trawl survey,Bristol Bay Red King Crab,2020,2020,NA,NA,-1,1,50,22
SUM_PCOD_BIOM_BBRKC,Summer_Pacific_Cod_Biomass_BBRKC_Survey,Summer Pacific cod biomass in Bristol Bay crab management area from the AFSC EBS bottom trawl survey,Bristol Bay Red King Crab,2020,2020,NA,NA,-1,1,51,23
SUM_WIND_STRESS_BBRKC,Summer_Wind_Stress_BBRKC_Satellite,Summer wind stress (m/s) in Bristol Bay crab management area from NOAA/NCDC blended winds and Metop-A ASCAT satellite,Bristol Bay Red King Crab,2020,2020,NA,NA,-1,1,52,24
WIN_SPR_NPI,Winter_Spring_North_Pacific_Index_Model,"North Pacific Index (NPI) calculated as the area-weighted sea level pressure (SLP) from November to March over the region 30Â°N-65Â°N, 160Â°E-140Â°W",EBS Pacific Cod,2020,2020,NA,NA,1,1,57,1
WIN_SEA_ICE_ADVANCE_BS,Winter_Sea_Ice_Advance_BS_Satellite,Anomalies of average daily sea-ice extent relative to 1978-2010 mean computed over ice-advance season of December through February,EBS Pacific Cod,2020,2020,NA,NA,1,1,58,2
WIN_SEA_ICE_RETREAT_BS,Spring_Sea_Ice_Retreat_BS_Satellite,Anomalies of average daily sea-ice extent relative to 1978-2010 mean computed over ice-retreat season of March through May,EBS Pacific Cod,2020,2020,NA,NA,1,1,59,3
SPR_SUM_SST_SEBS,Spring_Summer_Temperature_Surface_SEBS_Satellite,Spring to summer (April-June) daily sea surface temperatures (SST) for the southeastern Bering Sea shelf from the NOAA Coral Reef Watch Program,EBS Pacific Cod,2020,2020,NA,NA,-1,1,60,4
SUM_BTM_TEMP_SEBS,Summer_Temperature_Bottom_SEBS_Model,Summer (July-September) bottom temperatures over the southeastern Bering Sea shelf from the Bering 10K ROMS-NPZ model,EBS Pacific Cod,2020,2020,NA,NA,-1,1,61,5
SPR_CHLORO_SEBS,Spring_Chlorophylla_Peak_SEBS_Satellite,Peak timing of the spring bloom averaged across individual ADF&G statistical areas in the southeastern Bering Sea from the MODIS satellite,EBS Pacific Cod,2020,2020,NA,NA,1,1,62,6
SUM_EUPH_ABUND_EBS,Summer_Euphausiid_Abundance_EBS_Survey,Summer euphausiid abundance for the eastern Bering Sea shelf from the AFSC acoustic survey,EBS Pacific Cod,2020,2020,NA,NA,1,1,63,7
SUM_PCOD_COND_JUV_EBS,Summer_Pacific_Cod_Condition_Juvenile_EBS_Survey,Summer condition for juvenile (<460 mm) Pacific cod from the AFSC EBS shelf bottom trawl survey,EBS Pacific Cod,2020,2020,NA,NA,1,1,64,8
SUM_PCOD_COND_ADULT_EBS,Summer_Pacific_Cod_Condition_Adult_EBS_Survey,Summer condition for adult (>=460 mm) Pacific cod from the AFSC EBS shelf bottom trawl survey,EBS Pacific Cod,2020,2020,NA,NA,1,1,65,9
SUM_PCOD_CEN_GRAV_E_EBS,Summer_Pacific_Cod_Center_Gravity_East_EBS_Model,Summer Pacific cod center of gravity eastings estimated by a spatio-temporal model using the package VAST on AFSC EBS bottom trawl survey data,EBS Pacific Cod,2020,2020,NA,NA,1,1,66,10
SUM_PCOD_CEN_GRAV_N_EBS,Summer_Pacific_Cod_Center_Gravity_North_EBS_Model,Summer Pacific cod center of gravity northings estimated by a spatio-temporal model using the package VAST on AFSC EBS bottom trawl survey data,EBS Pacific Cod,2020,2020,NA,NA,-1,1,67,11
SUM_PCOD_AREA_OCC_EBS,Summer_Pacific_Cod_Area_Occupied_EBS_Model,Summer Pacific cod area occupied estimated by a spatio-temporal model using the package VAST on AFSC EBS bottom trawl survey data,EBS Pacific Cod,2020,2020,NA,NA,1,1,68,12
ANN_ARTH_BIOM_EBS,Annual_Arrowtooth_Biomass_EBS_Model,Arrowtooth flounder total biomass from the most recent stock assessment model in the EBS,EBS Pacific Cod,2020,2020,NA,NA,-1,1,69,13
ANN_PCOD_EXVES_VAL_EBS,Annual_Pacific_Cod_Real_Exvessel_Value_EBS_Fishery,Annual estimated real ex-vessel value of EBS Pacific cod,EBS Pacific Cod,2020,2020,NA,NA,1,1,70,14
ANN_PCOD_EXVES_PRC_EBS,Annual_Pacific_Cod_Real_Exvessel_Price_EBS_Fishery,Annual real ex-vessel price per pound of EBS Pacific cod from fish ticket information,EBS Pacific Cod,2020,2020,NA,NA,1,1,71,15
ANN_PCOD_REV_PUE_EBS,Annual_Pacific_Cod_Real_Revenue_Per_Unit_Effort_EBS_Fishery,Annual estimated real revenue per unit effort measured in weeks fished of EBS Pacific cod,EBS Pacific Cod,2020,2020,NA,NA,1,1,72,16
ANN_PCOD_REGQE_HARV_DUT,Annual_Pacific_Cod_RQ_Harvesting_Revenue_Dutch_Harbor_Fishery,Regional quotient of Pacific cod for harvesting revenue of the highly engaged community of Unalaska Dutch Harbor,EBS Pacific Cod,2020,2020,NA,NA,1,1,73,17
ANN_PCOD_REGQE_PROC_DUT,Annual_Pacific_Cod_RQ_Processing_Revenue_Dutch_Harbor_Fishery,Regional quotient of Pacific cod for processing revenue of the highly engaged community of Unalaska Dutch Harbor,EBS Pacific Cod,2020,2020,NA,NA,1,1,74,18
SPW_HEATWAVE_GOA,Spawning_Heatwave_GOA_Model,Spawning marine heatwave cumulative index over the central GOA,GOA Pacific Cod,2020,2020,NA,NA,1,1,75,1
WIN_SPR_PCOD_SPAWN_HABITAT,Winter_Spring_Pacific_Cod_Spawning_Habitat_Suitability_GAK1_Model,Winter spring spawning habitat suitability index from January to April in the central GOA shelf at GAK1 station,GOA Pacific Cod,2020,2020,NA,NA,1,1,76,2
SUM_BTM_TEMP_GOA,Summer_Temperature_Bottom_GOA_Model,Summer bottom temperatures where small Pacific cod (20-40 cm) have been sampled by the AFSC GOA bottom trawl survey from the CFSR dataset,GOA Pacific Cod,2020,2020,NA,NA,1,1,77,3
ANN_EDDY_KE_KOD,Annual_Eddy_Kinetic_Energy_Kodiak_Satellite,Annual eddy kinetic energy (EKE) calculated from sea surface height in the Kodiak area ,GOA Pacific Cod,2020,2020,NA,NA,1,1,78,4
SPR_CHLORO_WCGOA,Spring_Chlorophylla_Peak_WCGOA_Satellite,Peak timing of the spring bloom averaged across individual ADF&G statistical areas in the western and central GOA region from the MODIS satellite,GOA Pacific Cod,2020,2020,NA,NA,1,1,79,5
SUM_LG_COPE_ABUN_SHEL,Summer_Large_Copepod_Abundance_Shelikof_Survey,Summer large copepods for young-of-the-year (YOY) from the EcoFOCI summer survey,GOA Pacific Cod,2020,2020,NA,NA,1,1,80,6
SUM_EUPH_ABUND_KOD,Summer_Euphausiid_Abundance_Kodiak_Survey,Summer euphausiid abundance for the eastern Bering Sea shelf from the AFSC acoustic survey,GOA Pacific Cod,2020,2020,NA,NA,1,1,81,7
SPR_PCOD_CPUE_LARV_SHEL,Spring_Pacific_Cod_CPUE_Larvae_Shelikof_Survey,Spring Pacific cod larvae catch-per-unit-of-effort (CPUE) from the EcoFOCI spring survey,GOA Pacific Cod,2020,2020,NA,NA,1,1,82,8
ANN_MUR_REPR_SUCC_CHOWIET,Annual_Common_Murre_Reproductive_Success_Chowiet_Survey,Common murre (piscivores) reproductive success at Chowiet Island,GOA Pacific Cod,2020,2020,NA,NA,1,1,83,9
SUM_PCOD_CPUE_YOY_KOD,Summer_Pacific_Cod_CPUE_YOY_Nearshore_Kodiak_Survey,Summer Pacific cod catch-per-unit-of-effort (CPUE) of young-of-the-year (YOY) from the AFSC Kodiak beach seine survey,GOA Pacific Cod,2020,2020,2021,NA,1,1,84,10
SUM_PCOD_COND_JUV_GOA,Summer_Pacific_Cod_Condition_Juvenile_GOA_Survey,Summer condition for juvenile (<420 mm) Pacific cod from the AFSC GOA shelf bottom trawl survey,GOA Pacific Cod,2020,2020,NA,NA,1,1,85,11
SUM_PCOD_COND_ADULT_GOA,Summer_Pacific_Cod_Condition_Adult_GOA_Survey,Summer condition for adult (>=420 mm) Pacific cod from the AFSC GOA shelf bottom trawl survey,GOA Pacific Cod,2020,2020,NA,NA,1,1,86,12
SUM_PCOD_CEN_GRAV_WCGOA,Summer_Pacific_Cod_Center_Gravity_Northeast_WCGOA_Model,Summer Pacific cod center of gravity northeastings estimated by a spatio-temporal model using the package VAST on AFSC GOA bottom trawl survey data,GOA Pacific Cod,2020,2020,NA,NA,1,1,87,13
SUM_PCOD_AREA_OCC_WCGOA,Summer_Pacific_Cod_Area_Occupied_WCGOA_Model,Summer Pacific cod area occupied estimated by a spatio-temporal model using the package VAST on AFSC GOA bottom trawl survey data,GOA Pacific Cod,2020,2020,NA,NA,1,1,88,14
ANN_ARTH_BIOM_GOA,Annual_Arrowtooth_Biomass_GOA_Model,Arrowtooth flounder total biomass from the most recent stock assessment model in the GOA,GOA Pacific Cod,2020,2020,NA,NA,1,1,89,15
ANN_SEA_LION_ADULT_GOA,Annual_Steller_Sea_Lion_Adult_GOA_Survey,Steller sea lion non-pup estimates for the GOA portion of the western Distinct Population Segment,GOA Pacific Cod,2020,2020,NA,NA,1,1,90,16
ANN_PCOD_EXVES_VAL_GOA,Annual_Pacific_Cod_Real_Exvessel_Value_GOA_Fishery,Annual estimated real ex-vessel value of GOA Pacific cod,GOA Pacific Cod,2020,2020,NA,NA,1,1,91,17
ANN_PCOD_EXVES_PRC_GOA,Annual_Pacific_Cod_Real_Exvessel_Price_GOA_Fishery,Annual real ex-vessel price per pound of GOA Pacific cod from fish ticket information,GOA Pacific Cod,2020,2020,NA,NA,1,1,92,18
ANN_PCOD_REV_PUE_GOA,Annual_Pacific_Cod_Real_Revenue_Per_Unit_Effort_GOA_Fishery,Annual estimated real revenue per unit effort measured in weeks fished of GOA Pacific cod,GOA Pacific Cod,2020,2020,NA,NA,1,1,93,19
ANN_PCOD_REGQE_HARV_KOD,Annual_Pacific_Cod_RQ_Harvesting_Revenue_Kodiak_Fishery,Regional quotient of Pacific cod for harvesting revenue of the highly engaged community of Kodiak,GOA Pacific Cod,2020,2020,NA,NA,1,1,94,20
ANN_PCOD_REGQE_PROC_KOD,Annual_Pacific_Cod_RQ_Processing_Revenue_Kodiak_Fishery,Regional quotient of Pacific cod for processing revenue of the highly engaged community of Kodiak,GOA Pacific Cod,2020,2020,NA,NA,1,1,95,21
ANN_PCOD_REGQE_HARV_GOA,Annual_Pacific_Cod_RQ_Harvesting_Revenue_Small_Communities_GOA_Fishery,"Regional quotient of Pacific cod for harvesting revenue of three smaller highly engaged communities (Sand Point, King Cove, and Akutan) combined",GOA Pacific Cod,2020,2020,NA,NA,1,1,96,22
ANN_PCOD_REGQE_PROC_GOA,Annual_Pacific_Cod_RQ_Processing_Revenue_Small_Communities_GOA_Fishery,"Regional quotient of Pacific cod for processing revenue of three smaller highly engaged communities (Sand Point, King Cove, and Akutan) combined",GOA Pacific Cod,2020,2020,NA,NA,1,1,97,23
ANN_HEATWAVE_GOA,Annual_Heatwave_GOA_Model,Annual marine heatwave cumulative index over the central GOA,GOA Pollock,2019,2019,NA,NA,-1,1,98,1
SPR_SST_WCGOA,Spring_Temperature_Surface_WCGOA_Satellite,Spring (April-May) daily sea surface temperatures (SST) for the western and central (combined) GOA from the NOAA Coral Reef Watch Program,GOA Pollock,2020,2020,NA,NA,-1,1,99,2
SUM_BTM_TEMP_GOA,Summer_Temperature_Bottom_GOA_Survey,Summer bottom temperatures from the AFSC GOA bottom trawl survey,GOA Pollock,2019,2019,NA,NA,-1,1,100,3
SPR_WIND_DIRECTION_KOD,Spring_Wind_Direction_Kodiak_Buoy,Mean springtime (April-May) surface wind direction from National Data Buoy Center for site B-AMAA2 located in the NE Kodiak Archipelago,GOA Pollock,2020,2020,NA,NA,-1,1,101,4
SPR_CHLORO_BIOM_WCGOA,Spring_Chlorophylla_Biomass_WCGOA_Satellite,Derived chlorophyll a concentration during spring seasonal peak (May) in the western and central GOA regions from the MODIS satellite,GOA Pollock,2019,2019,NA,NA,1,1,102,5
SPR_CHLORO_WCGOA,Spring_Chlorophylla_Peak_WCGOA_Satellite,Peak timing of the spring bloom averaged across individual ADF&G statistical areas in the western and central GOA region from the MODIS satellite,GOA Pollock,2020,2020,NA,NA,1,1,103,6
SPR_SM_COPE_ABUN_SHEL,Spring_Small_Copepod_Abundance_Shelikof_Survey,Spring small copepods for larvae GOA pollock from the EcoFOCI spring survey ,GOA Pollock,2019,2019,NA,NA,1,1,104,7
SUM_LG_COPE_ABUN_SHEL,Summer_Large_Copepod_Abundance_Shelikof_Survey,Summer large copepods for young-of-the-year (YOY) from the EcoFOCI summer survey,GOA Pollock,2019,2019,NA,NA,1,1,105,8
SUM_EUPH_ABUND_KOD,Summer_Euphausiid_Abundance_Kodiak_Survey,Summer euphausiid abundance for the Kodiak core survey area from the AFSC acoustic survey,GOA Pollock,2019,2019,NA,NA,1,1,106,9
ANN_AUK_REPR_SUCC_CHOWIET,Annual_Auklet_Reproductive_Success_Chowiet_Survey,Parakeet auklet (planktivores) reproductive success at Chowiet Island,GOA Pollock,2019,2019,NA,NA,1,1,107,10
SPR_PLCK_CPUE_LARV_SHEL,Spring_Pollock_CPUE_Larvae_Shelikof_Survey,Spring pollock larvae catch-per-unit-of-effort (CPUE) from the EcoFOCI spring survey,GOA Pollock,2019,2019,NA,NA,1,1,108,11
SUM_PLCK_CPUE_YOY_SHEL,Summer_Pollock_CPUE_YOY_Shelikof_Survey,Summer young-of-the-year (YOY) pollock catch-per-unit-of-effort (CPUE) from the EcoFOCI summer survey,GOA Pollock,2019,2019,NA,NA,1,1,109,12
SUM_PLCK_COND_YOY_SHEL,Summer_Pollock_Condition_YOY_Shelikof_Survey,Summer pollock condition for young-of-the-year (YOY) from EcoFOCI summer survey,GOA Pollock,2019,2019,NA,NA,1,1,110,13
SUM_PLCK_CPUE_YOY_KOD,Summer_Pollock_CPUE_YOY_Nearshore_Kodiak_Survey,Summer pollock catch-per-unit-of-effort (CPUE) of young-of-the-year (YOY) from the AFSC beach seine survey in the Kodiak region,GOA Pollock,2019,2019,NA,NA,1,1,111,14
ANN_PLCK_REL_BIOM_AIKTAK,Annual_Pollock_Relative_Biomass_Aiktak_Survey,Pollock relative biomass of young-of-the-year (YOY) from screening burrows of tufted puffins at Aiktak Island,GOA Pollock,2019,2019,NA,NA,1,1,112,15
SUM_PLCK_PRED_GOA,Summer_Pollock_MTConsumed_Age1_GOA_Model,Summer pollock predation mortality for age-1 from RACE and IPHC surveys,GOA Pollock,2019,2019,NA,NA,-1,1,113,16
SUM_PLCK_EUPH_JUV_GOA,Summer_Pollock_Euphausiid_Diet_Juvenile_GOA_Survey,Proportion-by-weight of euphausiids in the diets of juvenile GOA pollock from summer bottom-trawl surveys,GOA Pollock,2019,2019,NA,NA,1,1,114,17
FAL_PLCK_COND_ADULT_GOA,Fall_Pollock_Condition_Adult_GOA_Fishery,Fall pollock condition for adults from the pollock fishery sampled by observers,GOA Pollock,2019,2019,NA,NA,1,1,115,18
WIN_PLCK_CONDITION_GOA,Winter_Pollock_Condition_Adult_GOA_Survey,Winter pollock condition for adults from the late winter AFSC acoustic survey of pre-spawning pollock in the GOA,GOA Pollock,2019,2019,NA,NA,1,1,116,19
SUM_PLCK_CEN_GRAV_WCGOA,Summer_Pollock_Center_Gravity_Northeast_WCGOA_Model,Summer pollock center of gravity northeastings estimated by a spatio-temporal model using the package VAST on AFSC GOA bottom trawl survey data,GOA Pollock,2019,2019,NA,NA,-1,1,117,20
SUM_PLCK_AREA_OCC_WCGOA,Summer_Pollock_Area_Occupied_WCGOA_Model,Summer pollock area occupied estimated by a spatio-temporal model using the package VAST on AFSC GOA bottom trawl survey data,GOA Pollock,2019,2019,NA,NA,1,1,118,21
ANN_ARTH_BIOM_GOA,Annual_Arrowtooth_Biomass_GOA_Model,Arrowtooth flounder total biomass from the most recent stock assessment model in the GOA,GOA Pollock,2019,2019,NA,NA,-1,1,119,22
ANN_POP_BIOM_GOA,Annual_Pacific_Ocean_Perch_Biomass_GOA_Model,Pacific ocean perch total biomass from the most recent stock assessment model in the GOA,GOA Pollock,2019,2019,NA,NA,-1,1,120,23
ANN_SABL_BIOM_GOA,Annual_Sablefish_Biomass_GOA_Model,Sablefish total biomass from the most recent stock assessment model,GOA Pollock,2019,2019,NA,NA,-1,1,121,24
ANN_SEA_LION_ADULT_GOA,Annual_Steller_Sea_Lion_Adult_GOA_Survey,Steller sea lion non-pup estimates for the GOA portion of the western Distinct Population Segment,GOA Pollock,2019,2019,NA,NA,-1,1,122,25
WIN_SPR_PLCK_CPUE_ADULT_GOA,Winter_Spring_Pollock_CPUE_Adult_GOA_Fishery,Winter-spring pollock catch-per-unit-of-effort (CPUE) from fishery observer data,GOA Pollock,2019,2019,NA,NA,1,1,123,26
SUM_FAL_PLCK_CPUE_ADULT_GOA,Summer_Fall_Pollock_CPUE_Adult_GOA_Fishery,Summer-fall pollock catch-per-unit-of-effort (CPUE) from fishery observer data,GOA Pollock,2019,2019,NA,NA,1,1,124,27
ANN_PLCK_ESVES_PRC,Annual_Pollock_Real_Exvessel_Price_Fishery,Annual real ex-vessel price per pound of GOA pollock from fish ticket information,GOA Pollock,2019,2019,NA,NA,1,1,125,28
WIN_SPR_PLCK_ROE_PUE,Winter_Spring_Pollock_Roe_Per_Unit_Catch_Fishery,Annual pollock roe per-unit-catch during January to March,GOA Pollock,2019,2019,NA,NA,1,1,126,29
ANN_PLCK_REGQE_HARV_KOD,Annual_Pollock_RQ_Harvesting_Revenue_Kodiak_Fishery,Regional quotient of pollock for harvesting revenue of the highly engaged community of Kodiak,GOA Pollock,2020,2020,NA,NA,1,1,127,30
ANN_PLCK_REGQE_PROC_KOD,Annual_Pollock_RQ_Processing_Revenue_Kodiak_Fishery,Regional quotient of pollock for processing revenue of the highly engaged community of Kodiak,GOA Pollock,2020,2020,NA,NA,1,1,128,31
ANN_PLCK_REGQE_HARV_GOA,Annual_Pollock_RQ_Harvesting_Revenue_Small_Communities_GOA_Fishery,"Regional quotient of pollock for harvesting revenue of three smaller highly engaged communities (Sand Point, King Cove, and Akutan) combined",GOA Pollock,2020,2020,NA,NA,1,1,129,32
ANN_PLCK_REGQE_PROC_GOA,Annual_Pollock_RQ_Processing_Revenue_Small_Communities_GOA_Fishery,"Regional quotient of pollock for processing revenue of three smaller highly engaged communities (Sand Point, King Cove, and Akutan) combined",GOA Pollock,2020,2020,NA,NA,1,1,130,33
ANN_BKCR_EXVES_PRC_SMBKC,Annual_Blue_King_Crab_Exvessel_Price_SMBKC_Fishery,Annual blue king crab ex-vessel price per pound of the St Matthew Island blue king crab fishery,St. Matthew Blue King Crab,2019,2020,NA,NA,1,1,131,1
ANN_BKCR_EXVES_REVSHR_SMBKC,Annual_Blue_King_Crab_Exvessel_Revenue_Share_SMBKC_Fishery,Annual blue king crab ex-vessel revenue share (expressed as percent of total ex-vessel revenue) of the St Matthew Island blue king crab fishery,St. Matthew Blue King Crab,2019,2020,NA,NA,1,1,132,2
ANN_BKCR_CPUE_SMBKC,Annual_Blue_King_Crab_Potlift_CPUE_SMBKC_Fishery,Annual catch-per-unit-effort (CPUE) (expressed as mean number of crabs per potlift) in the St Matthew Island blue king crab fishery,St. Matthew Blue King Crab,2019,2020,NA,NA,1,1,133,3
ANN_BKCR_VESS_COUNT_SMBKC,Annual_Blue_King_Crab_Active_Vessels_SMBKC_Fishery,Annual number of active vessels in the St Matthew Island blue king crab fishery,St. Matthew Blue King Crab,2019,2020,NA,NA,1,1,134,4
ANN_BKCR_RECR_BIOM_SMBKC,Annual_Blue_King_Crab_Pre_Recruit_Biomass_SMBKC_Model,Annual pre-recruit biomass from the SMBKC stock assessment model,St. Matthew Blue King Crab,2019,2020,NA,NA,1,1,135,5
ANN_BKCR_TOTAL_SMBKC,Annual_Blue_King_Crab_Total_Potlift_SMBKC_Fishery,Annual total potlifts in the St Matthew Island blue king crab fishery,St. Matthew Blue King Crab,2019,2020,NA,NA,1,1,136,6
SPR_CHLORO_BIOM_SMBKC,Spring_Chlorophylla_Biomass_SMBKC_Satellite,Derived chlorophyll a concentration during spring in the St Matthews Island crab management area from the MODIS satellite,St. Matthew Blue King Crab,2020,2020,NA,NA,1,1,137,7
ANN_BKCR_INC_EBS,Annual_Blue_King_Crab_Incidental_Catch_EBS_Fishery,Incidental catch biomass estimates of male St Matthew Island blue king crab (tons) in trawl and fixed gear fisheries,St. Matthew Blue King Crab,2019,2020,NA,NA,1,1,138,8
ANN_BKCR_LOCQE_PROC_STP,Annual_SMBKC_Local_Quotient_Processing_Revenue_St_Paul_Fishery,Local quotient of St Matthew Island blue king crab landed catch in St Paul,St. Matthew Blue King Crab,2019,2020,NA,NA,1,1,139,9
ANN_BKCR_TAC_UTIL_SMBKC,Annual_Blue_King_Crab_TAC_Utilization_SMBKC_Fishery,Percentage of annual St Matthew Island blue king crab total allowable catch that was harvested by active vessels,St. Matthew Blue King Crab,2019,2020,NA,NA,1,1,140,10
SPR_COROSION_SMBKC,Spring_Corrosivity_Index_SMBKC_Model,Spring corrosivity index in St Matthews Island crab management area from the Bering10K ROMS-NPZ model,St. Matthew Blue King Crab,2020,2020,NA,NA,1,1,141,11
SUM_BENINV_BIOM_SMBKC,Summer_Benthic_Invertebrate_Biomass_SMBKC_Survey,Summer benthic invertebrate biomass in St Matthew Island from the AFSC eastern Bering Sea bottom trawl survey,St. Matthew Blue King Crab,2019,2020,NA,NA,1,1,142,12
SUM_BTM_TEMP_SMBKC_SURVEY,Summer_Temperature_Bottom_SMBKC_Survey,Summer bottom temperatures in the SMBKC management area from the AFSC EBS bottom trawl survey,St. Matthew Blue King Crab,2019,2019,NA,NA,1,1,143,13
SUM_COLD_POOL_SEBS_SMBKC_MOD,Summer_Cold_Pool_SEBS_SMBKC_Model,Summer cold pool estimated from the Bering10K ROMS-NPZ model for the Saint Matthews Island crab management area,St. Matthew Blue King Crab,2020,2020,NA,NA,1,1,144,14
SUM_COLD_POOL_SEBS_SMBKC,Summer_Cold_Pool_SEBS_SMBKC_Survey,Summer cold pool extent (nmi) in Saint Matthews Island area from the AFSC eastern Bering Sea bottom trawl survey,St. Matthew Blue King Crab,2019,2019,NA,NA,1,1,145,15
SUM_PCOD_BIOM_SMBKC,Summer_Pacific_Cod_Biomass_SMBKC_Survey,Summer Pacific cod biomass in St Matthew Island crab management area from the AFSC EBS bottom trawl survey,St. Matthew Blue King Crab,2020,2020,NA,NA,1,1,146,16
SUM_WIND_STRESS_SMBKC,Summer_Wind_Stress_SMBKC_Satellite,Summer wind stress (m/s) in St Matthew Island crab management area from NOAA/NCDC blended winds and Metop-A ASCAT satellite,St. Matthew Blue King Crab,2020,2020,NA,NA,1,1,147,17
ANN_BKCR_PROC_COUNT_SMBKS,Annual_Active_Processors_SMBKC_Fishery,Total number of crab processors that purchased landings of St Matthew Island blue king crab from delivering vessels,St. Matthew Blue King Crab,2019,2020,NA,NA,1,1,148,18
WIN_SPR_ARCTIC_OSCILLATION,Winter_Spring_Arctic_Oscillation_Index_Model,Winter-spring Arctic Oscillation index from the NOAA National Climate Data Center,BS Snow Crab,2021,2021,NA,NA,-1,1,149,1
SUM_COLD_POOL_SEBS_SURVEY,Summer_Cold_Pool_SEBS_Survey,The areal extent of EBS bottom trawl survey stations with bottom temperatures < 2¿,BS Snow Crab,2022,2022,NA,NA,1,1,150,2
WIN_SEA_ICE_RETREAT_BS,Spring_Sea_Ice_Retreat_BS_Satellite,Anomalies of average daily sea-ice extent relative to 1978-2010 mean computed over ice-retreat season of March through May,BS Snow Crab,2022,2022,NA,NA,1,1,151,3
AMJ_CHLORO_BIOM_SEBS,AMJ_Chlorophylla_Biomass_SEBS_Satellite,"Derived chlorophyll a concentration during spring and summer season (April, May, June) in the northern middle southeastern Bering Sea from the MODIS satellite",BS Snow Crab,2022,2022,NA,NA,1,1,152,4
SUM_BENINV_BIOM_SEBS,Summer_Benthic_Invertebrate_Biomass_SEBS_Survey,"Species included in the benthic invertebrate biomass indicator (i.e. brittle stars, sea stars, sea cucumber, bivalves, non-commercial crab species, shrimp and polychaetes) are important prey sources for snow crab. Biomass estimates were determined from the EBS bottom trawl survey catch data for southeastern Bering Sea.",BS Snow Crab,2022,2022,NA,NA,1,1,153,5
SUM_SNCR_FEMALE_JUV_TEMP_OCC,Summer_Snow_Crab_Female_Juvenile_Temperature_Occupancy,Mean bottom temperature weighted by immature female snow crab CPUE at each station of the EBS summer bottom trawl survey,BS Snow Crab,2022,2022,NA,NA,-1,1,154,6
SUM_SNCR_JUV_DIS_PREV,Summer_Snow_Crab_Juvenile_Disease_Prevalence,Prevalence of immature snow crab showing visual evidence of Bitter Crab Syndrome during the summer EBS bottom trawl survey,BS Snow Crab,2022,2022,NA,NA,-1,1,155,7
ANN_SNCR_MALE_SIZE_MATURE_MODEL,Annual_Snow_Crab_Male_Size_Maturity_Model,"Mean carapace width of male snow crab at 50% probability of maturation, as determined from maturity curves developed from EBS bottom trawl survey data",BS Snow Crab,2022,2022,NA,NA,1,1,156,8
SUM_SNCR_MALE_AREA_OCC_SEBS,Summer_Snow_Crab_Male_Area_Occupied_SEBS_Survey,Calculated as the minimum area containing 95% of the cumulative male snow crab CPUE during the EBS summer bottom trawl survey,BS Snow Crab,2022,2022,NA,NA,1,1,157,9
SUM_SNCR_MALE_CEN_DIST_SEBS,Summer_Snow_Crab_Male_Center_Distribution_SEBS_Survey,CPUE-weighted average latitude of the male snow crab stock during the EBS summer bottom trawl survey,BS Snow Crab,2022,2022,NA,NA,1,1,158,10
SUM_SNCR_CONSUMPTION_PCOD_MODEL,Summer_Snow_Crab_Consumption_Pacific_cod_Model,"The daily summer consumption of snow crab by Pacific cod in the EBS, estimated from Pacific cod diet compositions, EBS trawl survey CPUE, and temperature adjusted length-specific maximum consumption rates",BS Snow Crab,2022,2022,NA,NA,-1,1,159,11
ANN_SNOW_VESS_COUNT_EBS_FISH,Annual_Snow_Crab_Active_Vessels_EBS_Fishery,Annual number of active vessels in the snow crab fishery to represent the level of fishing effort assigned to the fishery,BS Snow Crab,2022,2022,NA,NA,1,1,160,12
ANN_SNOW_CPUE_FISH,Annual_Snow_Crab_CPUE_Fishery,"Annual catch-per-unit-effort (CPUE), expressed as mean number of crabs per potlift, in the snow crab fishery to represent relative efficiency of fishing effort",BS Snow Crab,2022,2022,NA,NA,1,1,161,13
ANN_SNOW_POTLIFT_FISH,Annual_Snow_Crab_Potlift_Fishery,Annual total potlifts in the snow crab fishery to represent the level of fishing effort expended by the active fleet,BS Snow Crab,2022,2022,NA,NA,1,1,162,14
ANN_SNOW_CDIST_EBS_FISH,Annual_Snow_Crab_Center_Distribution_EBS_Fishery,"Center of gravity, expressed in latitude, as an indices of spatial distribution for the snow crab fishery to monitor spatial shifts in fishery behavior",BS Snow Crab,2022,2022,NA,NA,1,1,163,15
ANN_SNOW_INC_EBS_FISH,Annual_Snow_Crab_Incidental_Catch_EBS_Fishery,Annual incidental catch of snow crab in other fisheries,BS Snow Crab,2022,2022,NA,NA,1,1,164,16
ANN_SNOW_EXVES_VAL_EBS_FISH,Annual_Snow_Crab_Exvessel_Value_EBS_Fishery,"Annual snow crab ex-vessel value of the snow crab fishery landings represents gross economic returns to the harvest sector, as a principal driver of fishery behavior",BS Snow Crab,2022,2022,NA,NA,1,1,165,17
ANN_SNOW_EXVES_PRC_EBS_FISH,Annual_Snow_Crab_Exvessel_Price_EBS_Fishery,"Annual snow crab ex-vessel price per pound represents per-unit economic returns to the harvest sector, as a principal driver of fishery behavior",BS Snow Crab,2022,2022,NA,NA,1,1,166,18
ANN_SNOW_EXVES_REVSHR_EBS_FISH,Annual_Snow_Crab_Exvessel_Revenue_Share_EBS_Fishery,"Annual snow crab ex-vessel revenue share, expressed as vessel-average proportion of annual gross landings revenue earned from the EBS snow crab fishery",BS Snow Crab,2022,2022,NA,NA,1,1,167,19
